цхюцхмяйюъ;XRKG;KN94XV;юдшцеъ;медеиярбсчыхи;лн;RA6Y
йпюямндюп (щмел);URKS;KN94LW;юдшцеъ;деиярбсчыхи;юнм;RA6Y
люийно;URKM;LN04BP;юдшцеъ;медеиярбсчыхи;цю;RA6Y
люийно (нйръапэяйхи);XRKM;LN04CP;юдшцеъ;деиярбсчыхи;дняюют;RA6Y
люийно (уюмяйюъ);XRKH;LN04AQ;юдшцеъ;деиярбсчыхи;лн;RA6Y
щмел (пнярн) (DZ);XRKD;KN94LW;юдшцеъ;деиярбсчыхи;дняюют;RA6Y
юйрюь;UNBD;NO30TH;юкрюияйхи йпюи;деиярбсчыхи;цю;RA9Z
аюкшйвю;UNBL;NO31UH;юкрюияйхи йпюи;медеиярбсчыхи;цю;RA9Z
аюпмюск (хлемх цеплюмю рхрнбю);UNBB;NO13SI;юкрюияйхи йпюи;деиярбсчыхи;цю;RA9Z
ахияй;UNBI;NO22PL, NO22QL;юкрюияйхи йпюи;деиярбсчыхи;цю;RA9Z
бнквхую;UNBM;NO02DA, NO02EA;юкрюияйхи йпюи;деиярбсчыхи;цю;RA9Z
цнпмн-юкрюияй;UNBG;NO21VW, NO21VX, NO21WX;юкрюияйхи йпюи;деиярбсчыхи;цю;RA9Z
дфюгюрнп (рюкэлемйю);UNBT;NN39RQ;юкрюияйхи йпюи;медеиярбсчыхи;цю;RA9Z
йюлемэ-мю-нах;XNBK;NO03NS, NO03NT;юкрюияйхи йпюи;медеиярбсчыхи;лн;RA9Z
йнь-юцюв;UNBA;NN49HW;юкрюияйхи йпюи;деиярбсчыхи;цю;RA9Z
кеямни;XNBN;NO13XF, NO13XG;юкрюияйхи йпюи;деиярбсчыхи;дняюют;RA9Z
нмцсдюи;UNBN;NO30BR, NO30BS;юкрюияйхи йпюи;деиярбсчыхи;цю;RA9Z
оерпноюбкнбяйне;UNBW;NO22AB, NO22BB;юкрюияйхи йпюи;медеиярбсчыхи;цю;RA9Z
псажнбяй;UNBR;NO01ON, NO01OO;юкрюияйхи йпюи;медеиярбсчыхи;цю;RA9Z
яхахпяйхи (анпнбхую);XNBR;NO13WN, NO13WO;юкрюияйхи йпюи;деиярбсчыхи;лн;RA9Z
якюбцнпнд (яебепмши);XNBS;MO93HB;юкрюияйхи йпюи;медеиярбсчыхи;лн;RA9Z
янкнмеьмне;UNBZ;NO21DP;юкрюияйхи йпюи;медеиярбсчыхи;цю;RA9Z
сярэ-йнйяю;UNBU;NO20UG;юкрюияйхи йпюи;деиярбсчыхи;цю;RA9Z
юлюпюмйю;XHXA;PO40TQ;юлспяйюъ нак;медеиярбсчыхи;лн;RA0J
юпуюпю;UHBA;PN59AK, PN59AJ;юлспяйюъ нак;медеиярбсчыхи;цю;RA0J
аекнцнпяй;XHBR;PO40FV;юлспяйюъ нак;медеиярбсчыхи;лн;RA0J
акюцнбеыемяй (хцмюрэебн);UHBB;PO30QK, PO30QJ, PO30RK, PO30RJ;юлспяйюъ нак;деиярбсчыхи;цю;RA0J
анлмюй;UHHG;PO44KR;юлспяйюъ нак;деиярбсчыхи;цю;RA0J
бнгфюебйю;XHBW;PO40JS, PO40JR;юлспяйюъ нак;медеиярбсчыхи;лн;RA0J
цнпмши;UHBX;PO44FP;юлспяйюъ нак;деиярбсчыхи;цю;RA0J
гюбхрхмяй;XHBC;PO40RE, PO40SE;юлспяйюъ нак;медеиярбсчыхи;лн;RA0J
геъ;UHBE;PO33NQ;юлспяйюъ нак;деиярбсчыхи;цю;RA0J
йюунбйю;XHBH;PO40OT;юлспяйюъ нак;медеиярбсчыхи;лн;RA0J
люцдюцювх;UHBI;PO23VL;юлспяйюъ нак;медеиярбсчыхи;цю;RA0J
люияйхи;UHBM;PO42SH, PO42SG;юлспяйюъ нак;медеиярбсчыхи;цю;RA0J
мнбнйхебяйхи сбюк;UHBN;PO41LP;юлспяйюъ нак;деиярбсчыхи;цю;RA0J
нйръапэяйхи, дб рнхб;UHBO;PO43HA, PO42HX;юлспяйюъ нак;деиярбсчыхи;цю;RA0J
ябнандмши;UHBS;PO41BL, PO41BK;юлспяйюъ нак;деиярбсчыхи;цю;RA0J
рюланбйю;XHBY;PO40AD, PO40AC;юлспяйюъ нак;деиярбсчыхи;дняюют;RA0J
ршмдю;XHBW;PO25JG;юлспяйюъ нак;медеиярбсчыхи;лн;RA0J
сйпюхмйю (яепшьебн);XHBU;PO41FE, PO41FD;юлспяйюъ нак;деиярбсчыхи;лн;RA0J
тебпюкэяй;UHBF;PO52KL, PO52LL, PO52LM;юлспяйюъ нак;деиярбсчыхи;цю;RA0J
ьхлюмнбяй;UHBK;PO31TX;юлспяйюъ нак;медеиярбсчыхи;цю;RA0J
щйхлвюм (рнйсп);UHBT;PO63LB;юлспяйюъ нак;деиярбсчыхи;цю;RA0J
юпуюмцекэяй (бюяэйнбн);ULAH;LP04EK, LP04FK;юпуюмцекэяйюъ нак;деиярбсчыхи;цю;RA1O
юпуюмцекэяй (рюкюцх);ULAA;LP04IO;юпуюмцекэяйюъ нак;деиярбсчыхи;цю;RA1O
аепегмхй;ULAB;LP12JT;юпуюмцекэяйюъ нак;медеиярбсчыхи;цю;RA1O
бекэяй;ULKW;LP11BA, LP11BB;юпуюмцекэяйюъ нак;деиярбсчыхи;цю;RA1O
бепумъъ гнкнрхжю;ULBW;LP05EQ;юпуюмцекэяйюъ нак;деиярбсчыхи;цю;RA1O
бепумъъ рнилю;ULKT;LP22MF;юпуюмцекэяйюъ нак;деиярбсчыхи;цю;RA1O
бнфцнпю;ULJW;LP44FM, LP44FN;юпуюмцекэяйюъ нак;деиярбсчыхи;цю;RA1O
цнпйю;ULKG;LP32BP, LP32BQ;юпуюмцекэяйюъ нак;медеиярбсчыхи;цю;RA1O
цпещл-аекк;XLDG;MR21DD;юпуюмцекэяйюъ нак;медеиярбсчыхи;лн;RA1O
днкцныекэе;ULBD;LP16RB;юпуюмцекэяйюъ нак;деиярбсчыхи;цю;RA1O
йюлемйю;ULBK;LP25BU, LP25BV;юпуюмцекэяйюъ нак;деиярбсчыхи;цю;RA1O
йюпцнонкэ;ULAR;KP91KM;юпуюмцекэяйюъ нак;деиярбсчыхи;цю;RA1O
йюпонцнпш;ULAP;LP24FA;юпуюмцекэяйюъ нак;деиярбсчыхи;цю;RA1O
йюпэеонкэе;ULBP;LP15TN, LP15UN;юпуюмцекэяйюъ нак;медеиярбсчыхи;цю;RA1O
йнимюя;ULJK;LP34TR, LP34UR;юпуюмцекэяйюъ нак;деиярбсчыхи;цю;RA1O
йнпъфлю;ULBV;LP31LG, LP31MG;юпуюмцекэяйюъ нак;медеиярбсчыхи;цю;RA1O
йнркюя;ULKK;LP3IF;юпуюмцекэяйюъ нак;деиярбсчыхи;цю;RA1O
йнркюя (яюббюрхъ);ULKS;LP31KA, LP30KX;юпуюмцекэяйюъ нак;медеиярбсчыхи;лн;RA1O
йпюямнанпяй;ULKB;LP21XM, LP21XN;юпуюмцекэяйюъ нак;медеиярбсчыхи;цю;RA1O
кюурю;XLAL;LP04IJ, LP04JJ;юпуюмцекэяйюъ нак;медеиярбсчыхи;лн;RA1O
кермъъ гнкнрхжю;ULBZ;KP84JW, KP84JX, KP84KX;юпуюмцекэяйюъ нак;деиярбсчыхи;цю;RA1O
кеьсйнмяйне;ULAL;LP24UV;юпуюмцекэяйюъ нак;деиярбсчыхи;цю;RA1O
кноьемэцю;ULBL;KP84UX;юпуюмцекэяйюъ нак;деиярбсчыхи;цю;RA1O
легемэ;ULAE;LP25CU, LP25CV;юпуюмцекэяйюъ нак;деиярбсчыхи;цю;RA1O
лняеебн;ULAJ;LP35CS;юпуюмцекэяйюъ нак;деиярбсчыхи;цю;RA1O
мюцспяйюъ;XLDH;LR30TT, LR30UT;юпуюмцекэяйюъ нак;деиярбсчыхи;лн;RA1O
нангепяйхи (керменгепяйхи);XLAB;LP03EJ;юпуюмцекэяйюъ нак;медеиярбсчыхи;лн;RA1O
нйръапэяйхи, юПУЮМЦ рнхб;ULKO;LP11OB;юпуюмцекэяйюъ нак;медеиярбсчыхи;цю;RA1O
нкелю;ULJO;LP34BL, LP34BM;юпуюмцекэяйюъ нак;медеиярбсчыхи;цю;RA1O
нмецю;ULAO;KP93BV;юпуюмцекэяйюъ нак;деиярбсчыхи;цю;RA1O
оепрнлхмяй;ULAT;KP94FS, KP94FT, KP94ET;юпуюмцекэяйюъ нак;деиярбсчыхи;цю;RA1O
охмецю;ULAI;LP14RR;юпуюмцекэяйюъ нак;медеиярбсчыхи;цю;RA1O
океяежй;XLAP;LP02FR, LP02GR;юпуюмцекэяйюъ нак;деиярбсчыхи;лн;RA1O
оспмелю;ULBM;KP84RJ;юпуюмцекэяйюъ нак;деиярбсчыхи;цю;RA1O
пнцювебн (юлдеплю-2);ULDA;LQ61FO, LQ61FP;юпуюмцекэяйюъ нак;деиярбсчыхи;лн;RA1O
псвэх;ULBR;LP06OA;юпуюмцекэяйюъ нак;деиярбсчыхи;цю;RA1O
яютнмнбн;ULAK;LP35UQ;юпуюмцекэяйюъ нак;деиярбсчыхи;цю;RA1O
яебепндбхмяй;ULAD;KP94VM;юпуюмцекэяйюъ нак;деиярбсчыхи;цю;RA1O
янбонкэе;ULBS;LP15XH;юпуюмцекэяйюъ нак;медеиярбсчыхи;цю;RA1O
янкнбйх;ULAS;KP75UA, KP75VA;юпуюмцекэяйюъ нак;деиярбсчыхи;цю;RA1O
янъмю;ULBQ;LP15QS;юпуюмцекэяйюъ нак;медеиярбсчыхи;цю;RA1O
спднлю;ULKM;LP41GS, LP41HS;юпуюмцекэяйюъ нак;медеиярбсчыхи;цю;RA1O
жемнцнпю;ULJC;LP34IV;юпуюмцекэяйюъ нак;деиярбсчыхи;цю;RA1O
вепебйнбн;ULKR;LP21PS;юпуюмцекэяйюъ нак;медеиярбсчыхи;?;RA1O
ьемйспяй;ULAN;LP12KC;юпуюмцекэяйюъ нак;деиярбсчыхи;цю;RA1O
ъпемяй;ULKQ;LP42NE;юпуюмцекэяйюъ нак;медеиярбсчыхи;цю;RA1O
юярпюуюмэ;URWA;LN36XG, LN46AG;юярпюуюмяйюъ нак;деиярбсчыхи;цю;RA6U
юярпюуюмэ (опхбнкфяйхи);XRAP;LN36WJ;юярпюуюмяйюъ нак;деиярбсчыхи;лн;RA6U
юурсахмяй;XRWH;LN38CH, LN38DH, LN38CG;юярпюуюмяйюъ нак;деиярбсчыхи;лн;RA6U
юьсксй;XRAK;LN37WK, LN37XK;юярпюуюмяйюъ нак;деиярбсчыхи;лн;RA6U
аюяш;XRAS;LN36LF;юярпюуюмяйюъ нак;медеиярбсчыхи;лн;RA6U
няшомни асцнп;XRAB;LN46AG;юярпюуюмяйюъ нак;деиярбсчыхи;дняюют;RA6U
рпх опнрнйю;XRAR;LN46BH;юярпюуюмяйюъ нак;медеиярбсчыхи;дняюют;RA6U
юйзъп;UWOA;LO91DW;аюьйнпрнярюм;медеиярбсчыхи;цю;RA9W
юяйхмн;UWUG;LO86GC;аюьйнпрнярюм;медеиярбсчыхи;цю;RA9W
юрмъь;UWUN;LO85ON, LO85OO;аюьйнпрнярюм;медеиярбсчыхи;цю;RA9W
аекнпежй;UWUB;LO93DW, LO93EW;аюьйнпрнярюм;деиярбсчыхи;цю;RA9W
дсбюм;USCB;LO85WQ;аюьйнпрнярюм;медеиярбсчыхи;?;RA9W
дсбюм;UWUD;LO85WQ;аюьйнпрнярюм;медеиярбсчыхи;цю;RA9W
гюаекэяйхи;XWUU;LO74XT;аюьйнпрнярюм;деиярбсчыхи;дняюют;RA9W
гхкюхп;UWOI;LO82RE;аюьйнпрнярюм;медеиярбсчыхи;цю;RA9W
йюпюхдекэ;UWUE;LO85LT, LO85LU;аюьйнпрнярюм;медеиярбсчыхи;цю;RA9W
йхпгъ;UWUQ;LO85JO;аюьйнпрнярюм;медеиярбсчыхи;цю;RA9W
йслепрюс;UWOK;LO72VS;аюьйнпрнярюм;деиярбсчыхи;щю;RA9W
йслепрюс (бнпнршмнбйю);XWOK;LO72VU;аюьйнпрнярюм;деиярбсчыхи;щю;RA9W
люцмхрнцнпяй;USCM;LO93JJ, LO93IJ;аюьйнпрнярюм;деиярбсчыхи;цю;RA9W
метрейюляй;UWUF;LO76EC;аюьйнпрнярюм;деиярбсчыхи;цю;RA9W
мнбнаекнйюрюи;USCL;LO95LS;аюьйнпрнярюм;медеиярбсчыхи;цю;RA9W
оепбнлюияй;UWUP;LO85MJ;аюьйнпрнярюм;медеиярбсчыхи;цю;RA9W
оепбсьхмн;UWUO;LO74UX, LO75UA, LO74VX;аюьйнпрнярюм;деиярбсчыхи;юнм;RA9W
яхаюи;UWUA;LO92IQ;аюьйнпрнярюм;деиярбсчыхи;цю;RA9W
ярюпнясауюмцскнбн (аспгъм);UWUW;LO83QC;аюьйнпрнярюм;медеиярбсчыхи;цю;RA9W
ярепкхрюлюй;UWUS;LO73VM;аюьйнпрнярюм;деиярбсчыхи;цю;RA9W
стю;UWUU;LO74WN, LO74WM;аюьйнпрнярюм;деиярбсчыхи;цю;RA9W
стю (гюаекэяйхи);XWUU;LO74XT;аюьйнпрнярюм;деиярбсчыхи;дняюют;RA9W
стю (люйяхлнбйю);UWUM;LO84BT, LO84CT, LO84CU;аюьйнпрнярюм;медеиярбсчыхи;цю;RA9W
аекцнпнд;UUOB;KO80GP, KO80HP;аекцнпндяйюъ нак;деиярбсчыхи;цю;RA3Z
аекцнпнд (рнлюпнбйю);XUOP;KO80DQ;аекцнпндяйюъ нак;деиярбсчыхи;дняюют;RA3Z
бюксийх;UUOW;KO90BF;аекцнпндяйюъ нак;медеиярбсчыхи;цю;RA3Z
ярюпши няйнк;UUOS;KO81VH, KO81VI;аекцнпндяйюъ нак;деиярбсчыхи;цю;RA3Z
апъмяй;UUBP;KO73CE, KO73CF;апъмяйюъ нак;деиярбсчыхи;цю;RA3Y
апъмяй (аефхжю);XUBB;KO73CI;апъмяйюъ нак;деиярбсчыхи;дняюют;RA3Y
йкхлнбн;XUWI;KO62BI, KO62CI;апъмяйюъ нак;медеиярбсчыхи;лн;RA3Y
яеыю;XUWD;KO63PR, KO63QR, KO63QQ, KO63PQ;апъмяйюъ нак;деиярбсчыхи;лн;RA3Y
ярюпндса;UUFS;KO62JN;апъмяйюъ нак;деиярбсчыхи;юнм;RA3Y
аюцдюпхм (йскхйнбн онке);UIUB;OO64RI, OO64RJ;аспърхъ;деиярбсчыхи;цю;RA0O
аюпцсгхм;UIAO;OO43UO, OO43UN;аспърхъ;деиярбсчыхи;цю;RA0O
ахвспю;UIUA;OO30SO;аспърхъ;деиярбсчыхи;цю;RA0O
анпцни;XIIG;OO20VS, OO20WS;аспърхъ;медеиярбсчыхи;лн;RA0O
бюпбюпхмяйхи;UIUR;OO64EH;аспърхъ;деиярбсчыхи;цю;RA0O
дюбью;UIUD;OO44SI;аспърхъ;медеиярбсчыхи;цю;RA0O
дфхдю;XIID;OO30BQ, OO30CQ, OO30BP;аспърхъ;медеиярбсчыхи;лн;RA0O
дфхкхмдю;UIUV;OO53XQ;аспърхъ;деиярбсчыхи;цю;RA0O
гюйюлемяй;UIIG;OO10QK;аспърхъ;медеиярбсчыхи;цю;RA0O
йюаюмяй;UIUX;OO32IA;аспърхъ;деиярбсчыхи;цю;RA0O
йюпютрхр;UIUO;OO54WE, OO54WF;аспърхъ;медеиярбсчыхи;цю;RA0O
йспнпр аюсмр (цнпъвхи йкчв);UIUG;OO65LD;аспърхъ;деиярбсчыхи;цю;RA0O
йспслйюм;UIUK;OO54DH;аспърхъ;деиярбсчыхи;цю;RA0O
йшпем;UIIN;OO11BQ, OO11CQ;аспърхъ;деиярбсчыхи;цю;RA0O
йъурю;UIIK;OO30FI;аспърхъ;деиярбсчыхи;цю;RA0O
йъурю (ясдфю);XIIS;OO30EL;аспърхъ;медеиярбсчыхи;лн;RA0O
люоо йъурю;XIIK;OO30FI;аспърхъ;деиярбсчыхи;тяа;RA0O
лсъ;UIUM;OO76TK;аспърхъ;медеиярбсчыхи;цю;RA0O
мхфмеюмцюпяй;UIUN;OO45TT;аспърхъ;деиярбсчыхи;цю;RA0O
мнбняекемцхмяй;XIXN;OO31HC;аспърхъ;деиярбсчыхи;цю;RA0O
оерпноюбкнбйю;UIUP;OO20PO, OO20QO;аспърхъ;медеиярбсчыхи;цю;RA0O
янямнбн-нгепяйне;UIUS;OO52SM;аспърхъ;медеиярбсчыхи;цю;RA0O
рюйяхлн;UIKG;OO76KI, OO76LI;аспърхъ;деиярбсчыхи;цю;RA0O
сюйхр;UIUT;OO65TL;аспърхъ;деиярбсчыхи;цю;RA0O
скюм-сдщ (аюийюк)(ЕУ.лсухмн);UIUU;OO31QT, OO31RT;аспърхъ;деиярбсчыхи;цю;RA0O
скюм-сдщ (бнярнвмши);XIUW;OO31UU, OO31VU;аспърхъ;деиярбсчыхи;щю;RA0O
сярэ-аюпцсгхм;UIUI;OO43LJ, OO43MJ;аспърхъ;деиярбсчыхи;юнм;RA0O
унпхмяй;UIUH;OO42VE, OO42VD;аспърхъ;деиярбсчыхи;цю;RA0O
ьслюй;UINS;OO01WX;аспърхъ;медеиярбсчыхи;цю;RA0O
бкюдхлхп (яелъгхмн);UUBL;LO06DD, LO06DC;бкюдхлхпяйюъ нак;деиярбсчыхи;цю;RA2,3,5V
бъгмхйх (яебепмши);XUDJ;LO16CE;бкюдхлхпяйюъ нак;медеиярбсчыхи;дняюют;RA2,3,5V
дюпэхмн;UUID;KO96HH, KO96HI;бкюдхлхпяйюъ нак;деиярбсчыхи;юнм;RA2,3,5V
днапшмяйне;XUDD;LO06GF, LO06HF, LO06HG;бкюдхлхпяйюъ нак;медеиярбсчыхи;лвя;RA2,3,5V
йхпфюв;XUMV;KO96JD, KO96KD;бкюдхлхпяйюъ нак;деиярбсчыхи;щю;RA2,3,5V
лспнл (сярнивхбши);UWGU;LO05XO;бкюдхлхпяйюъ нак;медеиярбсчыхи;цю;RA2,3,5V
меашкне;UUIN;KO96XJ;бкюдхлхпяйюъ нак;деиярбсчыхи;юнм;RA2,3,5V
оюбкнбяйне;UUIP;LO06FH;бкюдхлхпяйюъ нак;деиярбсчыхи;цю;RA2,3,5V
якнандйю;XUMJ;KO96LG;бкюдхлхпяйюъ нак;деиярбсчыхи;дняюют;RA2,3,5V
ямнбхжш;UUIS;LO06DE;бкюдхлхпяйюъ нак;деиярбсчыхи;юнм;RA2,3,5V
йюлшьхм;URWK;LO2OQB;бнкцнцпюдяйюъ нак;деиярбсчыхи;цю;RA4A
йкеряйхи;XRWK;LN19MH;бнкцнцпюдяйюъ нак;медеиярбсчыхи;лн;RA4A
йнрекэмхйнбн;XRRK;LN17MP, LN17NP, LN17NO;бнкцнцпюдяйюъ нак;деиярбсчыхи;лн;RA4A
кеаъфэе;XRWL;LO20OE, LO20OF;бнкцнцпюдяйюъ нак;медеиярбсчыхи;лн;RA4A
кнц;XRWG;LN19WL, LN19XL;бнкцнцпюдяйюъ нак;медеиярбсчыхи;лн;RA4A
лхуюикнбйю;XRWY;LN19PX, LN19QX;бнкцнцпюдяйюъ нак;медеиярбсчыхи;лн;RA4A
пюйнбйю;URWR;LN19QW;бнкцнцпюдяйюъ нак;медеиярбсчыхи;цю;RA4A
яепютхлнбхв;URWS;LN19IN;бнкцнцпюдяйюъ нак;деиярбсчыхи;цю;RA4A
япедмъъ юурсаю;XRWA;LN28KR;бнкцнцпюдяйюъ нак;деиярбсчыхи;дняюют;RA4A
спчохмяй;URWU;LO10AT;бнкцнцпюдяйюъ нак;медеиярбсчыхи;цю;RA4A
бнкцнцпюд (аейернбйю);XRWB;LN28EN, LN28EM;бнкцнцпюдяйюъ нак;медеиярбсчыхи;лн;RA4A
бнкцнцпюд (цслпюй);URWW;LN28DS, LN28ES, LN28DT, LN28ET;бнкцнцпюдяйюъ нак;деиярбсчыхи;цю;RA4A
бнкцнцпюд (люпхмнбйю);XRWM;LN18VP;бнкцнцпюдяйюъ нак;медеиярбсчыхи;лн;RA4A
юйнкэгхм;URWD;LN18HE;бнкцнцпюдяйюъ нак;медеиярбсчыхи;цю;RA4A
епгнбйю;URWE;LN28HW;бнкцнцпюдяйюъ нак;деиярбсчыхи;юнм;RA4A
йюосярхм ъп;XRWF;LN28UQ, LN28UP;бнкцнцпюдяйюъ нак;деиярбсчыхи;лн;RA4A
аекнгепяй;ULWB;KP80VA;бнкнцндяйюъ нак;деиярбсчыхи;цю;RA1Q
бекхйхи сярчц;ULWU;LP30DS, LP30DT;бнкнцндяйюъ нак;деиярбсчыхи;цю;RA1Q
бнкнцдю;ULWW;KO99XG;бнкнцндяйюъ нак;деиярбсчыхи;цю;RA1Q
бнкнцдю (йхоекнбн);XLWF;KO99NE, KO99NF;бнкнцндяйюъ нак;деиярбсчыхи;лн;RA1Q
бнкнцдю (рпстюмнбн);XLWT;KO99WH;бнкнцндяйюъ нак;деиярбсчыхи;дняюют;RA1Q
бшрецпю;ULWR;KP81FA;бнкнцндяйюъ нак;деиярбсчыхи;цю;RA1Q
йедпнбн;ULWX;KO99TF;бнкнцндяйюъ нак;деиярбсчыхи;юнм;RA1Q
йхвлемцяйхи цнпнднй;ULWK;LO29VX, LO29WX;бнкнцндяйюъ нак;медеиярбсчыхи;цю;RA1Q
мчйяемхжю;ULWS;LP20CJ, LP20CK;бнкнцндяйюъ нак;деиярбсчыхи;цю;RA1Q
мхйнкэяй;ULWN;LO29SL, LO29SM;бнкнцндяйюъ нак;медеиярбсчыхи;цю;RA1Q
рюпмнцяйхи цнпнднй;ULWG;LP10TM;бнкнцндяйюъ нак;медеиярбсчыхи;цю;RA1Q
рнрэлю;ULWT;LO19JX;бнкнцндяйюъ нак;медеиярбсчыхи;цю;RA1Q
вепеонбеж;ULWC;KO89XG, KO99AG;бнкнцндяйюъ нак;деиярбсчыхи;цю;RA1Q
ъяйхмн;XLWW;KO99VE;бнкнцндяйюъ нак;деиярбсчыхи;лн;RA1Q
анпхянцкеаяй;XUOB;LO11BI, LO11CI;бнпнмефяйюъ нак;деиярбсчыхи;лн;RA2,3,5Q
асрспкхмнбйю;XUOI;LO00HT, LO00HS;бнпнмефяйюъ нак;деиярбсчыхи;лн;RA2,3,5Q
бнпнмеф (аюкрхлнп);XUOW;KO91NP, KO91NO, KO91OO;бнпнмефяйюъ нак;деиярбсчыхи;лн;RA2,3,5Q
бнпнмеф (анпыебн);UUOY;KO91MI, KO91MH;бнпнмефяйюъ нак;деиярбсчыхи;юнм;RA2,3,5Q
бнпнмеф (цпелъвэе);XUOG;KO91LL, KO91LM;бнпнмефяйюъ нак;деиярбсчыхи;дняюют;RA2,3,5Q
бнпнмеф (опхдювю);UUOD;KO91OP, KO91PP;бнпнмефяйюъ нак;деиярбсчыхи;щю;RA2,3,5Q
бнпнмеф (янкмевмюъ);UUOZ;KO91OS;бнпнмефяйюъ нак;деиярбсчыхи;юнм;RA2,3,5Q
бнпнмеф (вепрнбхжйне);UUOO;KO91OT;бнпнмефяйюъ нак;деиярбсчыхи;цю;RA2,3,5Q
оюпся;UUOQ;KO91RO;бнпнмефяйюъ нак;деиярбсчыхи;юнм;RA2,3,5Q
уюбю;UUOX;KO91WU;бнпнмефяйюъ нак;медеиярбсчыхи;юнм;RA2,3,5Q
юцбюкх;URMJ;LN32BM;дюцеярюм;медеиярбсчыхи;цю;RA6W
депаемр;URMR;LN42DC;дюцеярюм;медеиярбсчыхи;?;RA6W
йюяохияй;XRML;LN32TV, LN32UV;дюцеярюм;деиярбсчыхи;лн;RA6W
йхгкъп;URMF;LN33IT;дюцеярюм;медеиярбсчыхи;цю;RA6W
люуювйюкю (мхбмне);XRMR;LN33RA;дюцеярюм;медеиярбсчыхи;дняюют;RA6W
люуювйюкю (сирюь);URML;LN32TU, LN32TT, LN32UT;дюцеярюм;деиярбсчыхи;цю;RA6W
люуювйюкю-1 (скюп);URMQ;LN33QB. LN33QA;дюцеярюм;деиярбсчыхи;юнм;RA6W
смжсйскэ;URMU;LN32JR;дюцеярюм;медеиярбсчыхи;цю;RA6W
ахпнахдфюм (фекрши ъп);UHHB;PN68MN, PN68MO;ебпеияйюъ юн;деиярбсчыхи;цю;RA0D
ахпнтекэт;XHHB;PN68HL, PN68IL, PN68HK, PN68IK;ебпеияйюъ юн;медеиярбсчыхи;лн;RA0D
опхюлспяйюъ;UHHQ;PN78LM;ебпеияйюъ юн;деиярбсчыхи;цю;RA0D
юцхмяйне;UIAI;OO71GC;гюаюийюкэяйхи йпюи;медеиярбсчыхи;цю;RA0U
юкейяюмдпнбяйхи гюбнд;UINA;OO80WV, OO80WW;гюаюийюкэяйхи йпюи;медеиярбсчыхи;цю;RA0U
аюдю;XIAB;OO41WJ, OO41XJ, OO41WK;гюаюийюкэяйхи йпюи;медеиярбсчыхи;лн;RA0U
аюкеи;UIAV;OO81IN;гюаюийюкэяйхи йпюи;медеиярбсчыхи;цю;RA0U
аегпевмюъ-2;XIAJ;OO80CR, OO80CS;гюаюийюкэяйхи йпюи;медеиярбсчыхи;лн;RA0U
цюгхлспяйхи гюбнд;UIAS;OO91EM, OO91EN;гюаюийюкэяйхи йпюи;деиярбсчыхи;цю;RA0U
днлмю;XIAD;OO61NW, OO61NV;гюаюийюкэяйхи йпюи;деиярбсчыхи;лн;RA0U
йюкцю;UIAG;OO90LW;гюаюийюкэяйхи йпюи;медеиярбсчыхи;цю;RA0U
йпюямнгмюлемяй;UIAE;OO90AA, OO90AB;гюаюийюкэяйхи йпюи;медеиярбсчыхи;цю;RA0U
йпюямнъп (аюкэгхмн);XIAK;OO60TX, OO61TA;гюаюийюкэяйхи йпюи;медеиярбсчыхи;юнм;RA0U
йпюямши вхйни;UIAD;OO40JI;гюаюийюкэяйхи йпюи;деиярбсчыхи;цю;RA0U
йпюямши ъп;UIUQ;OO73IV;гюаюийюкэяйхи йпюи;деиярбсчыхи;цю;RA0U
йшйеп;UICY;OO73VE;гюаюийюкэяйхи йпюи;медеиярбсчыхи;цю;RA0U
йшпю;UIAK;ON59XO, ON59XN;гюаюийюкэяйхи йпюи;деиярбсчыхи;цю;RA0U
лнцнвю;UIAM;OO93UR;гюаюийюкэяйхи йпюи;деиярбсчыхи;лн;RA0U
мепвхмяй;UIAN;OO81HX;гюаюийюкэяйхи йпюи;медеиярбсчыхи;цю;RA0U
мепвхмяйхи гюбнд;UIAZ;OO91UH;гюаюийюкэяйхи йпюи;медеиярбсчыхи;цю;RA0U
оерпнбяй-гюаюийюкэяйхи;UICP;OO41KH;гюаюийюкэяйхи йпюи;деиярбсчыхи;цю;RA0U
опхюпцсмяй;UIAP;OO90MI;гюаюийюкэяйхи йпюи;медеиярбсчыхи;цю;RA0U
япедмхи йюкюп;UICK;OO85QU;гюаюийюкэяйхи йпюи;деиярбсчыхи;цю;RA0U
яперемяй;UICS;OO82UF, OO82UG;гюаюийюкэяйхи йпюи;деиярбсчыхи;цю;RA0U
яреоэ;XIAS;OO71QA, OO71RA;гюаюийюкэяйхи йпюи;деиярбсчыхи;лн;RA0U
рсмцнйнвем;UIAC;OO73TM;гюаюийюкэяйхи йпюи;медеиярбсчыхи;цю;RA0U
рсохй;UICT;OO94XK;гюаюийюкэяйхи йпюи;деиярбсчыхи;цю;RA0U
сйспеи;XIAU;OO82JI, OO82JH, OO82KI, OO82KH;гюаюийюкэяйхи йпюи;медеиярбсчыхи;лн;RA0U
сярэ-йюпемцю;UICU;OO84GK;гюаюийюкэяйхи йпюи;медеиярбсчыхи;цю;RA0U
сясцкх;UIAY;OO72OP, OO72PP;гюаюийюкэяйхи йпюи;медеиярбсчыхи;цю;RA0U
ухкнй;UICH;OO51GI;гюаюийюкэяйхи йпюи;деиярбсчыхи;цю;RA0U
вюпю;UIAR;OO96DV, OO96DW;гюаюийюкэяйхи йпюи;деиярбсчыхи;цю;RA0U
вхмдюмр-2;XIAG;OO80DJ, OO80EJ;гюаюийюкэяйхи йпюи;медеиярбсчыхи;лн;RA0U
вхрю (йюдюкю);UIAA;OO62PA;гюаюийюкэяйхи йпюи;деиярбсчыхи;цю;RA0U
вхрю (йюьрюй);XIAT;OO62RC, OO62SC;гюаюийюкэяйхи йпюи;деиярбсчыхи;дняюют;RA0U
вхрю-1;XIAI;OO62RB, OO62RC, OO62QB;гюаюийюкэяйхи йпюи;деиярбсчыхи;лн;RA0U
ьекносцхмн;UIAQ;OO81SP, OO81SO;гюаюийюкэяйхи йпюи;медеиярбсчыхи;цю;RA0U
члспвем;UIKU;OO73AO;гюаюийюкэяйхи йпюи;медеиярбсчыхи;цю;RA0U
хбюмнбн (яебепмши);XUDI;LO07LB, LO07MB;хбюмнбяйюъ нак;деиярбсчыхи;лн;RA2,3,5U
хбюмнбн (чфмши);UUBI;LO06KW, LO06LW;хбюмнбяйюъ нак;деиярбсчыхи;цю;RA2,3,5U
хбюмнбн (ъячмхую);XUDN;LO06MX;хбюмнбяйюъ нак;деиярбсчыхи;дняюют;RA2,3,5U
ксу;UUBH;LO16DX;хбюмнбяйюъ нак;медеиярбсчыхи;цю;RA2,3,5U
реийнбн;XUDT;LO06FU;хбюмнбяйюъ нак;деиярбсчыхи;лн;RA2,3,5U
чпэебеж;UUIC;LO17NI;хбюмнбяйюъ нак;медеиярбсчыхи;юнм;RA2,3,5U
якеожнбяйюъ (люцюя);URMS;LN23LH, LN23MH;хмцсьерхъ;деиярбсчыхи;цю;RA6Q
юкгюлюи;UINZ;NO95HN;хпйсряйюъ нак;медеиярбсчыхи;цю;RA0S
юкшйдфеп;UINY;NO93CP;хпйсряйюъ нак;деиярбсчыхи;цю;RA0S
юмцюпяй;UIIA;OO12WN;хпйсряйюъ нак;деиярбсчыхи;цю;RA0S
юмцюпяй цйя;UIIQ;OO12WO;хпйсряйюъ нак;деиярбсчыхи;цю;RA0S
юпни;UINJ;NO93IQ;хпйсряйюъ нак;деиярбсчыхи;цю;RA0S
аекюъ;UIIB;OO12SW, OO12SV, OO12TV;хпйсряйюъ нак;деиярбсчыхи;лн;RA0S
андюиан;UIKB;OO77CU, OO77DU;хпйсряйюъ нак;деиярбсчыхи;цю;RA0S
апюряй;UIBB;OO06UI, OO06UJ, OO06TI,OO06TJ;хпйсряйюъ нак;деиярбсчыхи;цю;RA0S
апюряй (лнярнбни);UIBM;OO06RC;хпйсряйюъ нак;деиярбсчыхи;юнм;RA0S
асп;UIKR;OO38MT;хпйсряйюъ нак;медеиярбсчыхи;цю;RA0S
бепуме-люпйнбн;UITM;OO37MH;хпйсряйюъ нак;деиярбсчыхи;цю;RA0S
бепуме-люпршмнбн;UIKW;OO46BV, OO46CV;хпйсряйюъ нак;медеиярбсчыхи;цю;RA0S
бепумъъ цсрюпю;UNYG;NO84LF;хпйсряйюъ нак;деиярбсчыхи;цю;RA0S
дюкэмхи;UIBD;OO17JI;хпйсряйюъ нак;медеиярбсчыхи;цю;RA0S
екюмжш;UIIY;OO32ET;хпйсряйюъ нак;деиярбсчыхи;цю;RA0S
епанцювем;UIKE;OP41AG;хпйсряйюъ нак;деиярбсчыхи;цю;RA0S
епелю;UIBE;OP30VJ;хпйсряйюъ нак;медеиярбсчыхи;цю;RA0S
фекегмнцнпяй-хкхляйхи;UIBV;OO26BL;хпйсряйюъ нак;деиярбсчыхи;цю;RA0S
фхцюкнбн;UIIV;OO24OT;хпйсряйюъ нак;деиярбсчыхи;цю;RA0S
гюглнп (моя);UINX;NO95HJ;хпйсряйюъ нак;деиярбсчыхи;цю;RA0S
гхлю;UINI;OO13AW, OO13AX;хпйсряйюъ нак;медеиярбсчыхи;цю;RA0S
глехмнбю;UIKZ;OO47DS;хпйсряйюъ нак;медеиярбсчыхи;цю;RA0S
хйю;UIKA;OO39EH;хпйсряйюъ нак;деиярбсчыхи;цю;RA0S
хпйсряй;UIII;OO22EG, OO22FG;хпйсряйюъ нак;деиярбсчыхи;цю;RA0S
хпйсряй (ней);XIIO;OO22FN;хпйсряйюъ нак;деиярбсчыхи;дняюют;RA0S
хпйсряй-2 (бнярнвмши);UIIR;OO22CI, OO22CJ, OO22BJ, OO22BI;хпйсряйюъ нак;деиярбсчыхи;щю;RA0S
хвепю;UIKY;OO48VM;хпйсряйюъ нак;деиярбсчыхи;цю;RA0S
йюгювхмяй;UITK;OO36SG;хпйсряйюъ нак;деиярбсчыхи;цю;RA0S
йювсц;UIIX;OO23WX, OO23XX, OO23XW, OO23WW;хпйсряйюъ нак;деиярбсчыхи;цю;RA0S
йхлхкэреи моя;UINK;OO04WC, OO04WD;хпйсряйюъ нак;деиярбсчыхи;цю;RA0S
йхпемяй;UIKK;OO47AS;хпйсряйюъ нак;деиярбсчыхи;цю;RA0S
йсрхлю;UIKC;OO47CD;хпйсряйюъ нак;деиярбсчыхи;цю;RA0S
йсрскхй моя;UINU;OO13JI;хпйсряйюъ нак;деиярбсчыхи;цю;RA0S
люлю;UIKM;OO68KH;хпйсряйюъ нак;деиярбсчыхи;цю;RA0S
мюдефдхмяй;UIKD;OO48FF;хпйсряйюъ нак;деиярбсчыхи;цю;RA0S
мюйюммн;UIBJ;OP42FV;хпйсряйюъ нак;медеиярбсчыхи;цю;RA0S
мюпюрюи;UIBN;OO16DD, OO16ED;хпйсряйюъ нак;медеиярбсчыхи;цю;RA0S
меою;UIKN;OO49CF;хпйсряйюъ нак;медеиярбсчыхи;цю;RA0S
мепую;UINH;NO93DU;хпйсряйюъ нак;деиярбсчыхи;цю;RA0S
мхфмесдхмяй;UINN;NO94MV;хпйсряйюъ нак;деиярбсчыхи;цю;RA0S
мхфмесдхмяй (моя);UINC;NO94LV;хпйсряйюъ нак;деиярбсчыхи;цю;RA0S
мхфмъъ цсрюпю;UING;NO84QP, NO84QQ;хпйсряйюъ нак;деиярбсчыхи;цю;RA0S
нгепмши;UIBO;OO15BU;хпйсряйюъ нак;медеиярбсчыхи;цю;RA0S
нйръапэяйхи;UINO;NO96QC, NO96RC;хпйсряйюъ нак;деиярбсчыхи;цю;RA0S
онйпнбяйхи;UINP;NO84QB;хпйсряйюъ нак;деиярбсчыхи;цю;RA0S
опенапюфемйю;UIKP;OP40AA, OP40BA;хпйсряйюъ нак;деиярбсчыхи;цю;RA0S
опнйноэебяйхи;XHXP;OO05NI;хпйсряйюъ нак;медеиярбсчыхи;лн;RA0S
п-1001 внмяйюъ;UIRT;OP40ND;хпйсряйюъ нак;деиярбсчыхи;цю;RA0S
п-1022 внмяйюъ;UIKQ;OP40SC;хпйсряйюъ нак;деиярбсчыхи;цю;RA0S
п-111 внмяйюъ;UIRS;OP40MC;хпйсряйюъ нак;деиярбсчыхи;цю;RA0S
п-112 внмяйюъ;UIKH;OP40LF, OP40MF;хпйсряйюъ нак;деиярбсчыхи;цю;RA0S
п-20 дюмхкнбяйюъ;UIKL;OO49AK;хпйсряйюъ нак;деиярбсчыхи;цю;RA0S
п-201 внмяйюъ;UIKX;OP40OD, OP40PD;хпйсряйюъ нак;деиярбсчыхи;цю;RA0S
п-22 дскхялхмяйюъ;UIKS;OO38TK;хпйсряйюъ нак;деиярбсчыхи;цю;RA0S
п-36 внмяйюъ;UIKF;OP40RC;хпйсряйюъ нак;деиярбсчыхи;цю;RA0S
п-57 внмяйюъ;UIRP;OP40ND;хпйсряйюъ нак;деиярбсчыхи;цю;RA0S
рюиьер;UINE;NO85XV;хпйсряйюъ нак;деиярбсчыхи;цю;RA0S
рюьхмдю;UIND;NO84JM;хпйсряйюъ нак;деиярбсчыхи;цю;RA0S
рнйлю;UIKT;OO28WG;хпйсряйюъ нак;медеиярбсчыхи;цю;RA0S
рсксм;UINT;OO04GO, OO04GN;хпйсряйюъ нак;медеиярбсчыхи;цю;RA0S
сярэ-хкхляй;UIBS;OO18GD, OO18HD;хпйсряйюъ нак;деиярбсчыхи;цю;RA0S
сярэ-хкхляй (мебнм);UIKI;OO18IA, OO18IB;хпйсряйюъ нак;деиярбсчыхи;цю;RA0S
сярэ-йср;UITT;OO26UU, OO26VU;хпйсряйюъ нак;деиярбсчыхи;цю;RA0S
сярэ-нпдшмяйхи;UIIO;OO22IT;хпйсряйюъ нак;медеиярбсчыхи;цю;RA0S
сярэ-сдю;UIIT;OO14ME, OO14MD;хпйсряйюъ нак;медеиярбсчыхи;цю;RA0S
уюдюлю;UINM;NO93JW;хпйсряйюъ нак;деиярбсчыхи;цю;RA0S
уюикюлю, сярэе пейх;UINL;NO93IU;хпйсряйюъ нак;деиярбсчыхи;цю;RA0S
уюлюйюп;UIBX;OP41CX;хпйсряйюъ нак;медеиярбсчыхи;цю;RA0S
уюпюмфхмн;UIBH;OO05WJ, OO05WK;хпйсряйюъ нак;медеиярбсчыхи;цю;RA0S
усфхп (уюпюмжш);UIIH;OO33QF;хпйсряйюъ нак;деиярбсчыхи;цю;RA0S
усмцю;UINQ;NO93LO;хпйсряйюъ нак;деиярбсчыхи;цю;RA0S
вепелунбн;UIIE;PO30VK;хпйсряйюъ нак;деиярбсчыхи;цю;RA0S
днмяйне;XMWD;JO94XW;йюкхмхмцпюдяйюъ нак;деиярбсчыхи;лн;RA2F
йюкхмхмцпюд (упюапнбн);UMKK;KO04GV, KO04HV;йюкхмхмцпюдяйюъ нак;деиярбсчыхи;цю;RA2F
йюкхмхмцпюд (вйюкнбяй);XMWB;KO04ES, KO04FS;йюкхмхмцпюдяйюъ нак;деиярбсчыхи;лн;RA2F
"лкяо ""д-6""";UMKM;KO05HG;йюкхмхмцпюдяйюъ нак;деиярбсчыхи;цю;RA2F
мхбемяйне;XMWN;KO04GN, KO04HN;йюкхмхмцпюдяйюъ нак;медеиярбсчыхи;лн;RA2F
вепмъунбяй;XMWH;KO04VO;йюкхмхмцпюдяйюъ нак;деиярбсчыхи;лн;RA2F
йюяохияйхи;URWZ;LN35QI;йюклшйхъ;медеиярбсчыхи;цю;RA6U
щкхярю;URWI;LN26DI, LN26EI, LN26DJ, LN26EJ;йюклшйхъ;деиярбсчыхи;цю;RA6U
щкхярю (рпнхжйне);XRWT;LN26CK, LN26CL;йюклшйхъ;медеиярбсчыхи;лн;RA6U
еплнкхмн;UUWE;KO85GF, KO85HF;йюксфяйюъ нак;деиярбсчыхи;лбд;RA2,3,5X
йюксцю (цпюажебн);UUBC;KO84EM, KO84EN;йюксфяйюъ нак;деиярбсчыхи;цю;RA2,3,5X
йюксцю (нпеьйнбн);XUBG;KO84AL, KO84BL;йюксфяйюъ нак;деиярбсчыхи;лн;RA2,3,5X
йсдхмнбн;UUWK;KO85CA;йюксфяйюъ нак;деиярбсчыхи;юнм;RA2,3,5X
ледшмэ;XUBE;KO74WW;йюксфяйюъ нак;медеиярбсчыхи;дняюют;RA2,3,5X
лхуеебн;UUFM;KO74WV;йюксфяйюъ нак;медеиярбсчыхи;юнм;RA2,3,5X
медекэмне;UUFN;KO84HU, KO84IU;йюксфяйюъ нак;деиярбсчыхи;юнм;RA2,3,5X
ьюийнбйю;XUBJ;KO74EE, KO74EF;йюксфяйюъ нак;деиярбсчыхи;лн;RA2,3,5X
ювюибюъл;UHPJ;RP51FA, RP51GA;йюлвюряйхи йпюи;медеиярбсчыхи;цю;RA0Z
юъмйю;UHNQ;RP33SR, RP33TR, RP33SQ, RP33TQ;йюлвюряйхи йпюи;деиярбсчыхи;цю;RA0Z
бепумее оемфхмн;UHLP;RP24CF, RP24DF;йюлвюряйхи йпюи;медеиярбсчыхи;цю;RA0Z
бнълонкйю;UHQC;QO98QH;йюлвюряйхи йпюи;медеиярбсчыхи;цю;RA0Z
хвю;UHQI;QO75TO;йюлвюряйхи йпюи;медеиярбсчыхи;цю;RA0Z
йюлемяйне;UHPZ;RP32BK;йюлвюряйхи йпюи;медеиярбсчыхи;цю;RA0Z
йкчвх-йюлвюряйхе;XHPL;RO06JH;йюлвюряйхи йпюи;деиярбсчыхи;лн;RA0Z
йнгшпебяй;UHPO;QO96WB, QO96WC;йюлвюряйхи йпюи;деиярбсчыхи;юнм;RA0Z
люмхкш;UHPN;RP22QL;йюлвюряйхи йпюи;деиярбсчыхи;цю;RA0Z
лхкэйнбн;UHPM;QO94GQ;йюлвюряйхи йпюи;деиярбсчыхи;цю;RA0Z
мхйнкэяйне;UHPX;RO35AE;йюлвюряйхи йпюи;деиярбсчыхи;цю;RA0Z
нгепмюъ;UHQO;QO81GL, QO81GM;йюлвюряйхи йпюи;деиярбсчыхи;цю;RA0Z
няянпю;UHPD;RO19MF;йюлвюряйхи йпюи;деиярбсчыхи;цю;RA0Z
оюкюмю;UHPL;QO99XB;йюлвюряйхи йпюи;деиярбсчыхи;цю;RA0Z
оюуювх;UHPA;RP40MN, RP40NN;йюлвюряйхи йпюи;деиярбсчыхи;цю;RA0Z
оерпноюбкнбяй-йюлвюряйхи (екхгнбн);UHPP;QO93FE, QO93FD;йюлвюряйхи йпюи;деиярбсчыхи;цю;RA0Z
осыхмн;XHPN;QO94BG, QO94BH, QO94CH;йюлвюряйхи йпюи;медеиярбсчыхи;лн;RA0Z
якюсрмне;UHQE;RP33XE;йюлвюряйхи йпюи;деиярбсчыхи;цю;RA0Z
янанкебн;UHPS;QO74XH;йюлвюряйхи йпюи;деиярбсчыхи;цю;RA0Z
рюкнбйю;UHPQ;RP32IB;йюлвюряйхи йпюи;деиярбсчыхи;цю;RA0Z
рхцхкэ;UHPG;QO97IS;йюлвюряйхи йпюи;деиярбсчыхи;цю;RA0Z
рхкхвхйх;UHPT;RP30AJ;йюлвюряйхи йпюи;деиярбсчыхи;цю;RA0Z
сярэ-анкэьепежй;UHPB;QO82EU;йюлвюряйхи йпюи;медеиярбсчыхи;цю;RA0Z
сярэ-йюлвюряй;UHPK;RO16IF;йюлвюряйхи йпюи;деиярбсчыхи;цю;RA0Z
сярэ-уюипчгнбн;UHPU;QO87IC;йюлвюряйхи йпюи;деиярбсчыхи;цю;RA0Z
уюикхмн;UHPF;RP30KW;йюлвюряйхи йпюи;деиярбсчыхи;цю;RA0Z
уюкюйршпйю;UHPH;QO93IA;йюлвюряйхи йпюи;деиярбсчыхи;цю;RA0Z
щяян;UHQS;QO95IW;йюлвюряйхи йпюи;деиярбсчыхи;цю;RA0Z
аекнлнпяй;ULLB;KP74JM;йюпекхъ;деиярбсчыхи;цю;RA1N
цхпбюя;XLPG;KP62UL, KP62VL;йюпекхъ;медеиярбсчыхи;лн;RA1N
депебъммне;XLPD;KP71HO;йюпекхъ;медеиярбсчыхи;дняюют;RA1N
хкэхмяйхи (яюклх);XLPS;KP51XI, KP51XJ;йюпекхъ;медеиярбсчыхи;лн;RA1N
йюкебюкю;ULPK;KP55NE, KP55NF;йюпекхъ;деиярбсчыхи;цю;RA1N
йелэ;ULPE;KP74IX;йюпекхъ;деиярбсчыхи;цю;RA1N
йелэ (ондсфелэе);XLPU;KP74CW, KP74DW, KP74DV;йюпекхъ;медеиярбсчыхи;;RA1N
йхфх;ULPI;KP72OB;йюпекхъ;деиярбсчыхи;цю;RA1N
йнярнлсйью;ULPM;KP54IO;йюпекхъ;деиярбсчыхи;цю;RA1N
кнсух-3;XLPL;KP66JB;йюпекхъ;медеиярбсчыхи;лн;RA1N
кнсух (щмцнгепн);XLPZ;KP65WU, KP65XU;йюпекхъ;медеиярбсчыхи;лн;RA1N
нкнмеж (мсплюкхжш);XLPN;KP61LA, KP61LB;йюпекхъ;медеиярбсчыхи;лн;RA1N
оерпнгюбндяй (аеянбеж);ULPB;KP71BV, KP71BU, KP71CV;йюпекхъ;деиярбсчыхи;цю;RA1N
оерпнгюбндяй (оеяйх);ULPP;KP71DT, KP71DU;йюпекхъ;деиярбсчыхи;юнм;RA1N
осднф;ULPA;KP81GT, KP81HT;йюпекхъ;деиярбсчыхи;цю;RA1N
оънгепяйхи (онмряюкеминйх);XLPP;KP55LS, KP55MS;йюпекхъ;медеиярбсчыхи;лн;RA1N
пюлемжш (йъпцнгепн);XLPR;KP73FH;йюпекхъ;медеиярбсчыхи;лн;RA1N
яецефю;ULPS;KP73DS;йюпекхъ;деиярбсчыхи;цю;RA1N
янпрюбюкю;ULPW;KP51IR;йюпекхъ;деиярбсчыхи;цю;RA1N
яснъпбх (люияхнмбюпю);XLPM;KP62EG, KP62FG;йюпекхъ;медеиярбсчыхи;лн;RA1N
мюкэвхй;URMN;LN13TM;йап;деиярбсчыхи;цю;RA6X
йюлгюя;UNWA;NO42GK;йелепнбяйюъ нак;медеиярбсчыхи;цю;RA9U
йелепнбн (хлемх юкейяеъ кенмнбю);UNEE;NO35BG, NO35AG;йелепнбяйюъ нак;деиярбсчыхи;цю;RA9U
йелепнбн (яебепмши);XNKM;NO35AH, NO35AI;йелепнбяйюъ нак;деиярбсчыхи;дняюют;RA9U
мнбнйсгмежй (яохвемйнбн);UNWW;NO33KT;йелепнбяйюъ нак;деиярбсчыхи;цю;RA9U
рюьрюцнк;UNWI;NO32VS;йелепнбяйюъ нак;деиярбсчыхи;цю;RA9U
сярэ-юмгюя;UNWJ;NO43FB;йелепнбяйюъ нак;деиярбсчыхи;цю;RA9U
вхкхяс-юмгюя;UNAZ;NO42EQ;йелепнбяйюъ нак;деиярбсчыхи;цю;RA9U
аекнунксмхжйхи;USKB;LO58KU;йхпнбяйюъ нак;деиярбсчыхи;цю;RA4N
бъряйхе онкъмш;USKW;LO56MD, LO56ME;йхпнбяйюъ нак;медеиярбсчыхи;цю;RA4N
йхкэлегэ (люкхмнбйю);USKI;LO56MV;йхпнбяйюъ нак;медеиярбсчыхи;цю;RA4N
йхпнб (онаедхкнбн);USKK;LO48PL, LO48PM, LO48QL, LO48QM;йхпнбяйюъ нак;деиярбсчыхи;цю;RA4N
йхпнб (онпньхмн);XSKP;LO48VO;йхпнбяйюъ нак;деиярбсчыхи;дняюют;RA4N
йхпя;USPI;LO69CI;йхпнбяйюъ нак;медеиярбсчыхи;цю;RA4N
йнрекэмхв;USKO;LO48EH;йхпнбяйюъ нак;деиярбсчыхи;цю;RA4N
мюцнпяй;USPN;LO59JH;йхпнбяйюъ нак;медеиярбсчыхи;цю;RA4N
янберяй;USKS;LO47LN;йхпнбяйюъ нак;медеиярбсчыхи;цю;RA4N
юдгэбюбнл;UUYZ;LP96PO;йнлх;деиярбсчыхи;цю;RA9X
апшйюкюмяй;UURB;LP75CL, LP75DL;йнлх;медеиярбсчыхи;цю;RA9X
асцюебн;UUHG;LP65GX, LP66GA;йнлх;деиярбсчыхи;цю;RA9X
бнпйсрю;UUYW;MP17XL, MP27AL;йнлх;деиярбсчыхи;цю;RA9X
бнпйсрю (янберяйхи);XUYK;MP27DK, MP27DE, MP27EL;йнлх;деиярбсчыхи;лн;RA9X
бсйршк;UUYK;LP83PT;йнлх;деиярбсчыхи;цю;RA9X
демхянбйю;UUYD;LP76QE;йнлх;медеиярбсчыхи;цю;RA9X
елбю;UUYM;LP52LO;йнлх;медеиярбсчыхи;цю;RA9X
╗плхжю;UURE;LP66EW;йнлх;медеиярбсчыхи;цю;RA9X
хфлю;UUYV;LP65XA;йнлх;деиярбсчыхи;цю;RA9X
хмрю;UUYI;MP06BB;йнлх;деиярбсчыхи;цю;RA9X
гюуюпбюмэ;UUHZ;LP76WI;йнлх;медеиярбсчыхи;цю;RA9X
йюдфепнл (259-И ЙЛ лмо);UUPK;LP74WQ;йнлх;деиярбсчыхи;цю;RA9X
йюпрю╗кэ-28;UUHX;LP64PM;йнлх;медеиярбсчыхи;цю;RA9X
йедбю;UUHK;LP64SF;йнлх;деиярбсчыхи;цю;RA9X
йхохебн;UURK;LP75GQ;йнлх;медеиярбсчыхи;цю;RA9X
йнкбю;UURO;LP85QW;йнлх;медеиярбсчыхи;цю;RA9X
йнякюм;UUYL;LP43JL, LP43KL;йнлх;деиярбсчыхи;цю;RA9X
йпеярнбйю;UURS;LP66FI;йнлх;медеиярбсчыхи;цю;RA9X
ледбефйю-1;UURV;LP66EK, LP66EL;йнлх;медеиярбсчыхи;цю;RA9X
лсрмши люрепхй;UURU;LP75NX;йнлх;медеиярбсчыхи;цю;RA9X
мепхжю;UUHN;LP65IH;йнлх;медеиярбсчыхи;цю;RA9X
мнбши анп;UUYN;LP66DR;йнлх;медеиярбсчыхи;цю;RA9X
нйсмеб мня;UUHO;LP66GG, LP66HG;йнлх;деиярбсчыхи;цю;RA9X
оерпсмэ;UUXP;MP06IL, MP06JL;йнлх;медеиярбсчыхи;цю;RA9X
оевнпю;UUYP;LP85LC, LP85ND;йнлх;деиярбсчыхи;цю;RA9X
оевнпю (аепегнбйю);XUYR;LP85HB, LP85IB, LP85IA;йнлх;медеиярбсчыхи;лн;RA9X
опхспюкэяйне;UURP;LP84WR;йнлх;медеиярбсчыхи;цю;RA9X
яхмецнпэе;UUYB;LP55XK;йнлх;медеиярбсчыхи;цю;RA9X
ярпнцюмнбйю;UURA;LP86IW;йнлх;деиярбсчыхи;цю;RA9X
яшйршбйюп;UUYY;LP51KP, LP51JP;йнлх;деиярбсчыхи;цю;RA9X
яшйршбйюп (йнввниъц);XUYT;LP51HX;йнлх;деиярбсчыхи;юнм;RA9X
рпнхжйн-оевнпяй;UUYR;LP82CR;йнлх;деиярбсчыхи;цю;RA9X
рпсянбн;UURW;LP55QK;йнлх;медеиярбсчыхи;цю;RA9X
сяхмяй;UUYS;LP85QX, LP86QA;йнлх;деиярбсчыхи;цю;RA9X
сяр-бнъ;UUXQ;LP84UK;йнлх;медеиярбсчыхи;цю;RA9X
сярэ-йскнл;UUYT;LP61UQ;йнлх;деиярбсчыхи;цю;RA9X
сярэ-жхкэлю;UUYX;LP65CK;йнлх;деиярбсчыхи;цю;RA9X
сурю;UUYH;LP63VN;йнлх;деиярбсчыхи;цю;RA9X
уюпсрю;ULER;LP96SU;йнлх;деиярбсчыхи;цю;RA9X
уюпзъцю;UURH;LP66BW;йнлх;медеиярбсчыхи;цю;RA9X
вепмнцнпяйюъ;UUHQ;LP65DA;йнлх;медеиярбсчыхи;цю;RA9X
всопнбн;UURC;LP34GF;йнлх;медеиярбсчыхи;цю;RA9X
ыекэъанф;UURL;LP86FG, LP86FH;йнлх;медеиярбсчыхи;цю;RA9X
йнярпнлю (янйепйхмн);UUBA;LO07MT, LO07MS;йнярпнляйюъ нак;деиярбсчыхи;лн;RA2,3,5N
всукнлю (жемрпюкэмши);UUBF;LO18IR;йнярпнляйюъ нак;деиярбсчыхи;цю;RA2,3,5N
ьюпэъ;UUBQ;LO28SJ;йнярпнляйюъ нак;деиярбсчыхи;цю;RA2,3,5N
юмюою (бхръгебн);URKA;KN84PX, KN85QA, KN85QX;йпюямндюпяйхи йпюи;деиярбсчыхи;цю;RA6A
юплюбхп (жемрпюкэмши);XRKR;LN04NX;йпюямндюпяйхи йпюи;деиярбсчыхи;лн;RA6A
ютхояйхи (нямнбмни);URKF;KN65OT;йпюямндюпяйхи йпюи;деиярбсчыхи;юнм;RA6A
аюпнмнбяйхи;XRKB;LN04LW, LN04MW;йпюямндюпяйхи йпюи;медеиярбсчыхи;лн;RA6A
аекебжш;URKY;KN95MG, KN95MF, KN95NF, KN95NG;йпюямндюпяйхи йпюи;деиярбсчыхи;юнм;RA6A
цекемдфхй;URKG;KN94AN, KN94AO;йпюямндюпяйхи йпюи;деиярбсчыхи;цю;RA6A
цекемдфхй асурю;URKN;KN94AN;йпюямндюпяйхи йпюи;деиярбсчыхи;цю;RA6A
еияй;URKE;KN96CQ, KN96DQ;йпюямндюпяйхи йпюи;деиярбсчыхи;лн;RA6A
йнпемнбяй;XRKO;KN95QK, KN95RK;йпюямндюпяйхи йпюи;деиярбсчыхи;лн;RA6A
йпюямндюп (оюьйнбяйхи);URKK;KN95NA, KN95NB, KN95OA, KN95OB;йпюямндюпяйхи йпюи;деиярбсчыхи;цю;RA6A
йпюямндюп (жемрпюкэмши);XRKL;KN95LB, KN95LC;йпюямндюпяйхи йпюи;деиярбсчыхи;лн;RA6A
йпшляй;XRKW;KN84XX, KN84XW, KN94AX, KN94AW;йпюямндюпяйхи йпюи;деиярбсчыхи;лн;RA6A
йсыебяйюъ;XRRD;KN96SM, KN96SN;йпюямндюпяйхи йпюи;деиярбсчыхи;лн;RA6A
йсыебяйхи;XRXW;KN96RI;йпюямндюпяйхи йпюи;деиярбсчыхи;лн;RA6A
кюахмяй;URKW;LN04IP, LN04JP, LN04JQ;йпюямндюпяйхи йпюи;деиярбсчыхи;цю;RA6A
кюгюпебяйне;URSA;KN93QV;йпюямндюпяйхи йпюи;деиярбсчыхи;цю;RA6A
мнбнрхрюпнбяйюъ (югхлср);URKZ;KN95KG, KN95LG;йпюямндюпяйхи йпюи;деиярбсчыхи;юнм;RA6A
мнбнрхрюпнбяйюъ (янйнк);XRKN;KN95LG;йпюямндюпяйхи йпюи;деиярбсчыхи;лвя;RA6A
опхлнпяйн-юурюпяй;XRKP;KN96CB, KN96DB;йпюямндюпяйхи йпюи;деиярбсчыхи;лн;RA6A
янвх;URSS;KN93XK;йпюямндюпяйхи йпюи;деиярбсчыхи;цю;RA6A
рхунпежй;XRKT;LN05BV;йпюямндюпяйхи йпюи;деиярбсчыхи;лн;RA6A
рсюояе (юцни);XRSP;KN94MD;йпюямндюпяйхи йпюи;деиярбсчыхи;лн;RA6A
юаюм;UNQA;NO86BQ;йпюямнъпяйхи йпюи;медеиярбсчыхи;цю;RA0A
юбдю;UNQF;NO75HS;йпюямнъпяйхи йпюи;медеиярбсчыхи;цю;RA0A
юцхмяйне;UNQG;NO75KG;йпюямнъпяйхи йпюи;медеиярбсчыхи;цю;RA0A
юидюпю;UNIA;NO48EM;йпюямнъпяйхи йпюи;медеиярбсчыхи;цю;RA0A
юйяемнбн;UNHA;OO08SW;йпюямнъпяйхи йпюи;медеиярбсчыхи;цю;RA0A
юкейяюмдпнбяйхи ькчг;UNJA;NO49OK, NO49PK;йпюямнъпяйхи йпюи;деиярбсчыхи;цю;RA0A
ювхмяй;UNKS;NO56GG, NO56HG;йпюямнъпяйхи йпюи;деиярбсчыхи;цю;RA0A
аюийхр;UNIB;NP81EQ;йпюямнъпяйхи йпюи;деиярбсчыхи;цю;RA0A
аюйкюмхую;UOTB;NP34SK;йпюямнъпяйхи йпюи;медеиярбсчыхи;цю;RA0A
аюкюи (пныю);UNQB;NO65XU;йпюямнъпяйхи йпюи;деиярбсчыхи;цю;RA0A
аюкюурю;XNBA;NO55SI;йпюямнъпяйхи йпюи;медеиярбсчыхи;цю;RA0A
аепегнбйю;UNQE;NO66NB;йпюямнъпяйхи йпюи;медеиярбсчыхи;?;RA0A
анцсвюмш;UNKB;NO88RJ;йпюямнъпяйхи йпюи;деиярбсчыхи;цю;RA0A
анкэьюъ лспрю;UNKA;NO66NV;йпюямнъпяйхи йпюи;медеиярбсчыхи;цю;RA0A
бюкей;UOOW;NP49EJ;йпюямнъпяйхи йпюи;деиярбсчыхи;цю;RA0A
бюмюбюпю;UNIW;OP10DI;йпюямнъпяйхи йпюи;деиярбсчыхи;цю;RA0A
бюмцюь;UNIC;NO69TX;йпюямнъпяйхи йпюи;медеиярбсчыхи;цю;RA0A
бепеыюцхмн;UOTW;NP34SF;йпюямнъпяйхи йпюи;медеиярбсчыхи;цю;RA0A
бепумехлаюряйне;UNIL;NP33XD;йпюямнъпяйхи йпюи;медеиярбсчыхи;цю;RA0A
бепумъъ аюгю;UNHE;NO98NO, NO98OO;йпюямнъпяйхи йпюи;медеиярбсчыхи;?;RA0A
бнгмеяемйю;UNKW;NO66OA, NO66PA;йпюямнъпяйхи йпюи;деиярбсчыхи;юнм;RA0A
бнкнвюмйю;UOON;NQ70GX;йпюямнъпяйхи йпюи;медеиярбсчыхи;цю;RA0A
бнпнцнбн;UNHW;NP41TA;йпюямнъпяйхи йпюи;деиярбсчыхи;цю;RA0A
цнбнпйнбн;UNHG;NO98IO;йпюямнъпяйхи йпюи;медеиярбсчыхи;цю;RA0A
цнпньхую;UOTG;NP36RJ, NP36SJ;йпюямнъпяйхи йпюи;медеиярбсчыхи;цю;RA0A
дгепфхмяйне;UNQD;NO76NU;йпюямнъпяйхи йпюи;медеиярбсчыхи;цю;RA0A
дхйянм (нярпнб);UODD;NQ03EM;йпюямнъпяйхи йпюи;деиярбсчыхи;цю;RA0A
днкцхи лняр;UNQX;NO86JS;йпюямнъпяйхи йпюи;деиярбсчыхи;цю;RA0A
дсдхмйю;UOOD;NP39BJ, NP39BI;йпюямнъпяйхи йпюи;деиярбсчыхи;цю;RA0A
емхяеияй;UNII;NO68BL;йпюямнъпяйхи йпюи;деиярбсчыхи;цю;RA0A
еплюйнбяйне (мхфмхи ясщрсй);UNAE;NO63EG;йпюямнъпяйхи йпюи;деиярбсчыхи;цю;RA0A
еяяеи;UNIE;OP18CL;йпюямнъпяйхи йпюи;медеиярбсчыхи;цю;RA0A
гюнгепмши;UNQY;NO75HW, NO75HX, NO75IX;йпюямнъпяйхи йпюи;медеиярбсчыхи;цю;RA0A
гнрхмн;UNHZ;NP40UV;йпюямнъпяйхи йпюи;медеиярбсчыхи;цю;RA0A
хцюпйю;UOII;NP37HK;йпюямнъпяйхи йпюи;деиярбсчыхи;цю;RA0A
хцюпйю (цпндяйюъ);UOIW;NP37GL;йпюямнъпяйхи йпюи;деиярбсчыхи;цю;RA0A
йюгювхмяйне;UNIK;NO67OP, NO67PP, NO67PQ;йпюямнъпяйхи йпюи;деиярбсчыхи;цю;RA0A
йюмяй-2;XNKN;NO76UD;йпюямнъпяйхи йпюи;медеиярбсчыхи;лн;RA0A
йюмяй (бнярнвмши);UNKN;NO76TE;йпюямнъпяйхи йпюи;медеиярбсчыхи;цю;RA0A
йюмяй (дюкэмхи);XNKG;NO76TC, NO76TD, NO76UC, NO76UD;йпюямнъпяйхи йпюи;деиярбсчыхи;лн;RA0A
йюпюрсгяйне;UNAK;NO63JN;йпюямнъпяйхи йпюи;деиярбсчыхи;цю;RA0A
йюпюск;UOOR;NQ10OB;йпюямнъпяйхи йпюи;медеиярбсчыхи;цю;RA0A
йюршпшй;UOHT;NQ91QG;йпюямнъпяйхи йпюи;медеиярбсчыхи;цю;RA0A
йефлю;UNKE;OO08NX;йпюямнъпяйхи йпюи;медеиярбсчыхи;цю;RA0A
йеккнц;UOTE;NP32DL;йпюямнъпяйхи йпюи;медеиярбсчыхи;цю;RA0A
йелвсц;UNQU;NO56UB;йпюямнъпяйхи йпюи;медеиярбсчыхи;цю;RA0A
йхпяюмрэебн;UNJW;NO77KR;йпюямнъпяйхи йпюи;медеиярбсчыхи;цю;RA0A
йхякнйюм;UNHK;OP13XO;йпюямнъпяйхи йпюи;медеиярбсчыхи;цю;RA0A
йндхмяй;UNKI;NO98ML, NO98NL;йпюямнъпяйхи йпюи;деиярбсчыхи;цю;RA0A
йпюямнрспюмяй;UNAT;NO54SH;йпюямнъпяйхи йпюи;деиярбсчыхи;цю;RA0A
йпюямнъпяй (елекэъмнбн);UNKL;NO66FE, NO66GE, NO66GD;йпюямнъпяйхи йпюи;деиярбсчыхи;цю;RA0A
йпюямнъпяй (йсгмежнбн);UNQK;NO65MX;йпюямнъпяйхи йпюи;деиярбсчыхи;юнм;RA0A
йпюямнъпяй (яебепмши);UNKK;NO66LF;йпюямнъпяйхи йпюи;деиярбсчыхи;цю;RA0A
йпюямнъпяй (янкмевмши);UNQS;NO66LC;йпюямнъпяйхи йпюи;деиярбсчыхи;цю;RA0A
йпюямнъпяй (сярюмнбн);XNKA;NO66IE;йпюямнъпяйхи йпюи;медеиярбсчыхи;дняюют;RA0A
йпюямнъпяй (вепельюмйю);UNKM;NO66GE;йпюямнъпяйхи йпюи;деиярбсчыхи;цю;RA0A
йпюямнъпяй-66 (оюлърх 13 анижнб);XNKW;NO66DG;йпюямнъпяйхи йпюи;медеиярбсчыхи;лн;RA0A
йпеярш;UOHY;NQ40WU, NQ40XU;йпюямнъпяйхи йпюи;медеиярбсчыхи;цю;RA0A
йпхбкъй;UNJD;NP50AH;йпюямнъпяйхи йпюи;медеиярбсчыхи;цю;RA0A
йспюцхмн;UNAR;NO63HV;йпюямнъпяйхи йпюи;медеиярбсчыхи;цю;RA0A
йспеийю;UOIK;NP36NL;йпюямнъпяйхи йпюи;медеиярбсчыхи;цю;RA0A
кемебн;UNJV;NO47WM;йпюямнъпяйхи йпюи;медеиярбсчыхи;цю;RA0A
княхмнанпяйне;UNJZ;NO48RL;йпюямнъпяйхи йпюи;медеиярбсчыхи;цю;RA0A
ксцнбюрйю;UNJL;NO49MC;йпюямнъпяйхи йпюи;медеиярбсчыхи;цю;RA0A
люияйне;UNJJ;NP40NA;йпюямнъпяйхи йпюи;медеиярбсчыхи;цю;RA0A
люйнбяйне;UNJI;NO58KE;йпюямнъпяйхи йпюи;медеиярбсчыхи;цю;RA0A
люмгъ;UNJK;NO88DL;йпюямнъпяйхи йпюи;медеиярбсчыхи;цю;RA0A
люмяйхи;UNQM;NO65VS;йпюямнъпяйхи йпюи;деиярбсчыхи;дняюют;RA0A
люьсйнбйю;UNJM;NO77ET;йпюямнъпяйхи йпюи;медеиярбсчыхи;цю;RA0A
лхмсяхмяй;UNAM;NO53US;йпюямнъпяйхи йпюи;медеиярбсчыхи;цю;RA0A
лнршцхмн;UNIM;NO78IE, NO78JE;йпюямнъпяйхи йпюи;деиярбсчыхи;цю;RA0A
лсрнпюи;UNHM;OP01FH;йпюямнъпяйхи йпюи;медеиярбсчыхи;цю;RA0A
лшя йняхярши;UOHK;OQ43VP, OQ43VQ;йпюямнъпяйхи йпюи;медеиярбсчыхи;цю;RA0A
лшя векчяйхм;UODL;OQ27CR, OQ27DR;йпюямнъпяйхи йпюи;медеиярбсчыхи;цю;RA0A
мюгюпнбн;UNQN;NO55FX, NO55GX;йпюямнъпяйхи йпюи;деиярбсчыхи;юнм;RA0A
мюгхлнбн;UNJN;NO59KM, NO59LM;йпюямнъпяйхи йпюи;медеиярбсчыхи;цю;RA0A
мюпбю;UNQW;NO65TJ;йпюямнъпяйхи йпюи;деиярбсчыхи;цю;RA0A
меднйспю;UNHN;OO08HO;йпюямнъпяйхи йпюи;медеиярбсчыхи;цю;RA0A
мхфмхи ясщрсй;UNAW;NO63FI;йпюямнъпяйхи йпюи;медеиярбсчыхи;цю;RA0A
мнбнюмцюпяй;UNIN;NO68RD;йпюямнъпяйхи йпюи;медеиярбсчыхи;цю;RA0A
мнбнахпхкчяяш;UNQL;NO56IX;йпюямнъпяйхи йпюи;медеиярбсчыхи;цю;RA0A
мнбняекнбн;UNAN;NO54KX, NO55KA, NO55LA;йпюямнъпяйхи йпюи;медеиярбсчыхи;?;RA0A
мнбши цнпнднй;UNJR;NO59CU;йпюямнъпяйхи йпюи;медеиярбсчыхи;цю;RA0A
мнцхмяй;UOTN;NP54OL;йпюямнъпяйхи йпюи;медеиярбсчыхи;цю;RA0A
мнпхкэяй (юкшйекэ);UOOO;NP39QH, NP39PH;йпюямнъпяйхи йпюи;деиярбсчыхи;цю;RA0A
няхмнбши лшя;UNJS;NO87LN;йпюямнъпяйхи йпюи;медеиярбсчыхи;цю;RA0A
нярпнб япедмхи;UODS;NQ59MM;йпюямнъпяйхи йпюи;деиярбсчыхи;тяа;RA0A
ньюпнбн;UNHC;NP90DI;йпюямнъпяйхи йпюи;медеиярбсчыхи;цю;RA0A
оепбнлюияй;UNIG;NO78BA;йпюямнъпяйхи йпюи;медеиярбсчыхи;цю;RA0A
охпнбяйне;UNIO;NO67DO;йпюямнъпяйхи йпюи;деиярбсчыхи;цю;RA0A
охр-цнпнднй;UNID;NO69VH;йпюямнъпяйхи йпюи;медеиярбсчыхи;цю;RA0A
ондйюлеммюъ рсмцсяйю;UNIP;NP41XN, NP41XO, NP51AO;йпюямнъпяйхи йпюи;деиярбсчыхи;цю;RA0A
опедхбхмяй;UNQP;NO67QB, NO67RB;йпюямнъпяйхи йпюи;медеиярбсчыхи;цю;RA0A
пшахмяйюъ кодя;UNQR;NO75JT;йпюямнъпяйхи йпюи;деиярбсчыхи;цю;RA0A
яберкнцнпяй;UOIG;NP46EU, NP46FU;йпюямнъпяйхи йпюи;деиярбсчыхи;цю;RA0A
яебепн-емхяеияй;UNIS;NP60MI, NP60MJ;йпюямнъпяйхи йпюи;деиярбсчыхи;цю;RA0A
ямефмнцнпяй;UOIS;NP38TB;йпюямнъпяйхи йпюи;медеиярбсчыхи;цю;RA0A
янонвмне (онохцюи);UOHP;OQ42JN;йпюямнъпяйхи йпюи;медеиярбсчыхи;цю;RA0A
япедмхи, нярпнб;UODS;NQ59MM;йпюямнъпяйхи йпюи;деиярбсчыхи;тяа;RA0A
ярпекйю;UNIX;NO68MB, NO68MC;йпюямнъпяйхи йпюи;медеиярбсчыхи;цю;RA0A
ярпекйю всмъ;UNJT;OP11JR;йпюямнъпяйхи йпюи;медеиярбсчыхи;цю;RA0A
яспцсрхую;UOTH;NP33QU;йпюямнъпяйхи йпюи;медеиярбсчыхи;цю;RA0A
яспхйнбяйюъ;UNKH;NO56QX, NO56RX;йпюямнъпяйхи йпюи;медеиярбсчыхи;цю;RA0A
яспхмдю;UNIF;NP82QN;йпюямнъпяйхи йпюи;медеиярбсчыхи;цю;RA0A
ясуюмнбн;UNJH;NO48MI;йпюямнъпяйхи йпюи;медеиярбсчыхи;цю;RA0A
яшл;UNJY;NP40EI;йпюямнъпяйхи йпюи;медеиярбсчыхи;цю;RA0A
рюефмши;UNHV;OO08FQ;йпюямнъпяйхи йпюи;медеиярбсчыхи;цю;RA0A
рюяеебн;UNQT;NO77KE;йпюямнъпяйхи йпюи;деиярбсчыхи;цю;RA0A
рспю (цнпмши);UNIT;OP04FH, OP04FI;йпюямнъпяйхи йпюи;деиярбсчыхи;цю;RA0A
рспю лбк;UNHT;OP04CG;йпюямнъпяйхи йпюи;деиярбсчыхи;цю;RA0A
рспсуюмяй;UOTT;NP35WT, NP35XT;йпюямнъпяйхи йпюи;деиярбсчыхи;цю;RA0A
рчурер;UNQH;NO46PN, NO46QN;йпюямнъпяйхи йпюи;медеиярбсчыхи;цю;RA0A
сфсп;XNKR;NO45VG, NO45WG;йпюямнъпяйхи йпюи;деиярбсчыхи;лн;RA0A
сярэ-охр;UNJC;NO58UX, NO58VX;йпюямнъпяйхи йпюи;деиярбсчыхи;цю;RA0A
тпнкнбн;UNHF;OO18EU;йпюямнъпяйхи йпюи;медеиярбсчыхи;цю;RA0A
уюрюмцю;UOHH;OQ11FX, OQ11GX;йпюямнъпяйхи йпюи;деиярбсчыхи;цю;RA0A
упеарнбши;UNHY;NO98HN;йпюямнъпяйхи йпюи;медеиярбсчыхи;цю;RA0A
велдюкэяй;UNJX;OO19PO, OO19PP;йпюямнъпяйхи йпюи;медеиярбсчыхи;цю;RA0A
вхпхмдю;UNIR;OP07EM, OP07EN;йпюямнъпяйхи йпюи;медеиярбсчыхи;цю;RA0A
ьюпшонбн;UNKO;NO45OK, NO45OL;йпюямнъпяйхи йпюи;деиярбсчыхи;цю;RA0A
ьсьемяйне (йюгюмжебн);UNAU;NO63AJ;йпюямнъпяйхи йпюи;деиярбсчыхи;цю;RA0A
щйнмдю;UNIH;OP25PS, OP25QS;йпюямнъпяйхи йпюи;медеиярбсчыхи;цю;RA0A
чйрю;UNHH;OP23TJ;йпюямнъпяйхи йпюи;медеиярбсчыхи;цю;RA0A
ъпжебн;UNIQ;NP50CG;йпюямнъпяйхи йпюи;деиярбсчыхи;цю;RA0A
юксойю;UKFL;KN74AJ;йпшл;деиярбсчыхи;юнм;RA7K
юксьрю;UKFA;KN74EQ;йпшл;медеиярбсчыхи;цю;RA7K
аюцепнбн;UKFR;KN85DK, KN85DJ, KN85CJ;йпшл;медеиярбсчыхи;лн;RA7K
аюувхяюпюи;UKFC;KN64WR;йпшл;медеиярбсчыхи;юнм;RA7K
беяекне;UKFN;KN75DO, KN75DN;йпшл;медеиярбсчыхи;лн;RA7K
дфюмйни;XRFY;KN75EQ, KN75FQ, KN75FR;йпшл;деиярбсчыхи;лн;RA7K
днмсгкюб;XKFD;KN65MH, KN65MI;йпшл;медеиярбсчыхи;лн;RA7K
ебоюрнпхъ (кхлюммне);UKFE;KN65QF;йпшл;деиярбсчыхи;лн;RA7K
ебоюрнпхъ (рюаюяйн);UPTB;KN65QH;йпшл;деиярбсчыхи;юнм;RA7K
йюпю-цнг (оепбнлюияйне);UKFX;KN75OB;йпшл;медеиярбсчыхи;цю;RA7K
йепвэ;URFK;KN83EJ, KN85EI;йпшл;деиярбсчыхи;цю;RA7K
йхпнбяйне;URFJ;KN75NE. KN75OE, KN75ND, KN75OD;йпшл;деиярбсчыхи;лн;RA7K
йнпехг (пеяоейр-ункк);XKFR;KN74AK;йпшл;деиярбсчыхи;юнм;RA7K
йпюямноепейнояй;HPKP;KN65VW;йпшл;деиярбсчыхи;юнм;RA7K
опхлнпяйхи;XKFP;KN75SD;йпшл;медеиярбсчыхи;лн;RA7K
яюйх;URFI;KN65TC, KN65TB, KN65SC, KN65SB;йпшл;деиярбсчыхи;лн;RA7K
яхлтепнонкэ;URFF;KN65XB, KN65XA;йпшл;деиярбсчыхи;цю;RA7K
яхлтепнонкэ (цбюпдеияйне);UKFG;KN65XD, KN65XC;йпшл;деиярбсчыхи;лн;RA7K
яхлтепнонкэ (гюбндяйне);URFW;KN74AW, KN74AV;йпшл;деиярбсчыхи;цю;RA7K
яхлтепнонкэ (нйръапэяйне);UKFT;KN75BI, KN75BH, KN75AH;йпшл;медеиярбсчыхи;лн;RA7K
ясдюй;UKFD;KN74LV;йпшл;медеиярбсчыхи;цю;RA7K
сцкнбне;HPUG;KN64SU;йпшл;деиярбсчыхи;юнм;RA7K
тендняхъ;UKFO;KN75QB;йпшл;медеиярбсчыхи;цю;RA7K
тендняхъ (йнйреаекэ);UPKT;KN75OA;йпшл;деиярбсчыхи;юнм;RA7K
тнпня;XKFF;KN64VJ;йпшл;деиярбсчыхи;тяа;RA7K
вепмнлнпяйне (ъпшквюц);UPYR;KN65JN;йпшл;деиярбсчыхи;юнм;RA7K
ъкрю;UKFQ;KN74BL;йпшл;деиярбсчыхи;тяа;RA7K
йспцюм;USUU;MO25QL, MO25RL;йспцюмяйюъ нак;деиярбсчыхи;цю;RA9Q
йспцюм (кнцнбсьйю);XSUL;MO25LJ;йспцюмяйюъ нак;деиярбсчыхи;дняюют;RA9Q
йспрюлшь;XSUK;MO24FV, MO24FW;йспцюмяйюъ нак;деиярбсчыхи;дняюют;RA9Q
ыюдпхмяй;XSCD;MO16UB,MO16UA, MO16TA, MO16TB;йспцюмяйюъ нак;медеиярбсчыхи;лн;RA9Q
йспяй (бнярнвмши);UUOK;KO81DR, KO81DS;йспяйюъ нак;деиярбсчыхи;лн;RA2,3,5W
йспяй (пшьйнбн);XUOS;KO81CP;йспяйюъ нак;деиярбсчыхи;дняюют;RA2,3,5W
рхл;UUOI;KO81NO;йспяйюъ нак;медеиярбсчыхи;цю;RA2,3,5W
унлсрнбйю;UUOH;KO71GV;йспяйюъ нак;медеиярбсчыхи;цю;RA2,3,5W
аецсмхжш;ULSN;KO49PO;кемхмцпюдяйюъ нак;медеиярбсчыхи;цю;RA1C
ананвхмн;XLXB;KP40NK;кемхмцпюдяйюъ нак;деиярбсчыхи;лн;RA1C
анпыебн;ULSB;KO58EU;кемхмцпюдяйюъ нак;медеиярбсчыхи;цю;RA1C
бюпрелъцх;ULSD;KP50DE;кемхмцпюдяйюъ нак;деиярбсчыхи;юнм;RA1C
беыебн;ULLW;KP40NQ, KP40OQ, KP40OP;кемхмцпюдяйюъ нак;медеиярбсчыхи;лн;RA1C
цнпекнбн;XLLE;KO59AS, KO59BS;кемхмцпюдяйюъ нак;деиярбсчыхи;лн;RA1C
цнярхкхжш;ULSG;KO49TR;кемхмцпюдяйюъ нак;деиярбсчыхи;юнм;RA1C
цпнлнбн;XLLJ;KP50BQ, KP50BR;кемхмцпюдяйюъ нак;деиярбсчыхи;лн;RA1C
еплхкнбн (люкшьебн);XLLZ;KP40KI, KP40KJ;кемхмцпюдяйюъ нак;медеиярбсчыхи;лн;RA1C
йюяхлнбн;XLLN;KP50EE, KP50DE, KP50DF, KP50EF;кемхмцпюдяйюъ нак;медеиярбсчыхи;лвя;RA1C
йхмцхяеоо;XLXG;KO49HG;кемхмцпюдяйюъ нак;медеиярбсчыхи;лн;RA1C
йнпохйчкъ;ULSK;KO59DO;кемхмцпюдяйюъ нак;деиярбсчыхи;юнм;RA1C
йнркш;XLLT;KO49JO;кемхмцпюдяйюъ нак;медеиярбсчыхи;дняюют;RA1C
йсгмежнбн;ULSO;KO49XF;кемхмцпюдяйюъ нак;деиярбсчыхи;юнм;RA1C
йсллнкнбн;ULSU;KO49LP;кемхмцпюдяйюъ нак;деиярбсчыхи;юнм;RA1C
йсяхмн;ULSI;KO59VJ;кемхмцпюдяйюъ нак;деиярбсчыхи;юнм;RA1C
кндеимне онке-2;ULSL;KP60SQ, KP60SR, KP60TR;кемхмцпюдяйюъ нак;медеиярбсчыхи;цю;RA1C
кчаюмэ;ULLX;KO59PF, KO59PG;кемхмцпюдяйюъ нак;деиярбсчыхи;юнм;RA1C
люмсьйхмн;ULSM;KO59JU;кемхмцпюдяйюъ нак;деиярбсчыхи;юнм;RA1C
нгепн йпюямнцбюпдеияйне;ULSZ;KP40OG;кемхмцпюдяйюъ нак;деиярбсчыхи;цю;RA1C
нпеунбн;ULSE;KP50DL;кемхмцпюдяйюъ нак;деиярбсчыхи;цю;RA1C
опхашкнбн;XLLY;KP40IL, KP40IK, KP40JK, KP40JL;кемхмцпюдяйюъ нак;деиярбсчыхи;лн;RA1C
осрхкнбн;ULSP;KO59RT, KO59RU;кемхмцпюдяйюъ нак;медеиярбсчыхи;цю;RA1C
яюмйр-оерепаспц (пфебйю);ULSS;KO59GX, KO59HX;кемхмцпюдяйюъ нак;деиярбсчыхи;цю;RA1C
яюмйр-оерепаспц (ъур-йкса);ULLZ;KO59CX;кемхмцпюдяйюъ нак;деиярбсчыхи;юнм;RA1C
яекэжн;ULSC;KO49SO;кемхмцпюдяйюъ нак;деиярбсчыхи;юнм;RA1C
яхбепяйхи;ULLS;KO59AI;кемхмцпюдяйюъ нак;медеиярбсчыхи;лн;RA1C
яхбнпхжш (мхйнкэяйне);XLLF;KO49XL, KO59AL;кемхмцпюдяйюъ нак;деиярбсчыхи;дняюют;RA1C
яхбнпхжш-2;ULSY;KO49XL;кемхмцпюдяйюъ нак;деиярбсчыхи;цю;RA1C
ясляй;XLLM;KO49MH, KO49NH;кемхмцпюдяйюъ нак;медеиярбсчыхи;лн;RA1C
рхубхм;ULST;KO69TP;кемхмцпюдяйюъ нак;деиярбсчыхи;юнм;RA1C
рнямняоюя;ULSX;KO59KM;кемхмцпюдяйюъ нак;деиярбсчыхи;лвя;RA1C
ыецкнбн;ULSV;KP50JA;кемхмцпюдяйюъ нак;деиярбсчыхи;юнм;RA1C
кхоежй;UUOL;KO92SQ, KO92SR;кхоежйюъ нак;деиярбсчыхи;цю;RA2,3,5G
кхоежй (цпъгх);XUWG;KO92WK;кхоежйюъ нак;деиярбсчыхи;дняюют;RA2,3,5G
кхоежй-2;XUWL;KO92RP;кхоежйюъ нак;деиярбсчыхи;лн;RA2,3,5G
сялюмэ (ьюпьйх);XUOU;KO92TA, KO92UA;кхоежйюъ нак;деиярбсчыхи;дняюют;RA2,3,5G
цксуюпхмне;UHGL;QP64NX, QP65NA;люцюдюмяйюъ нак;медеиярбсчыхи;цю;RA0I
люцюдюм-13;UHMT;QO59KO, QO59LO, QO59LP;люцюдюмяйюъ нак;деиярбсчыхи;цю;RA0I
люцюдюм (янйнк);UHMM;QO59IV, QO59IW, QO59JV;люцюдюмяйюъ нак;деиярбсчыхи;цю;RA0I
мнбюъ йсаюйю;UHGK;QP93WR, QP93XR, QP93XS;люцюдюмяйюъ нак;деиярбсчыхи;цю;RA0I
нлясйвюм;UHMF;QP72UK, QP72UL, QP72VL, QP72VK;люцюдюмяйюъ нак;деиярбсчыхи;цю;RA0I
яебепн-щбемяй;UHMW;QP91OV, QP91OW;люцюдюмяйюъ нак;деиярбсчыхи;цю;RA0I
яеилвюм;UHMS;QP62FV, QP62FW, QP62EW;люцюдюмяйюъ нак;деиярбсчыхи;цю;RA0I
яхмецнпэе;UHMQ;QP52IG, QP52JG;люцюдюмяйюъ нак;медеиярбсчыхи;цю;RA0I
ясяслюм (аепекеу);UHMH;QP42BS;люцюдюмяйюъ нак;деиярбсчыхи;цю;RA0I
рюбюрсл;UHGU;QP81VU;люцюдюмяйюъ нак;медеиярбсчыхи;цю;RA0I
рюурнъляй;UHGT;QP70IE;люцюдюмяйюъ нак;деиярбсчыхи;цю;RA0I
рнонкнбйю;UHGO;RP01BI;люцюдюмяйюъ нак;медеиярбсчыхи;цю;RA0I
сярэ-нлвсц;UHMV;QP41TC;люцюдюмяйюъ нак;деиярбсчыхи;цю;RA0I
вюиасую;UHMG;RP01GT, RP01GU;люцюдюмяйюъ нак;деиярбсчыхи;цю;RA0I
ъцндмне;UHGE;QP42SN;люцюдюмяйюъ нак;деиярбсчыхи;цю;RA0I
ъляй;UHGB;QO79BN, QO79BO;люцюдюмяйюъ нак;деиярбсчыхи;цю;RA0I
иньйюп-нкю;UWKJ;LO36WQ, LO36WR;люпхи щк;деиярбсчыхи;цю;RA4S
иньйюп-нкю (дюмхкнбн);XWKD;LO46AP, LO46AQ;люпхи щк;деиярбсчыхи;тяа;RA4S
яюпюмяй;UWPS;LO24OC, LO24OD;лнпднбхъ;деиярбсчыхи;цю;RA4U
яюпюмяй (кълахпэ);XWPS;LO24NG, LO24OG, LO24OH;лнпднбхъ;деиярбсчыхи;дняюют;RA4U
35 йл лйюд;UUUY;KO85SN;лняйбю;деиярбсчыхи;лвя;RA2,3,5A
63 йл лйюд;UUUX;KO85QS;лняйбю;медеиярбсчыхи;цю;RA2,3,5A
фскеахмн;UUBU;KO85WQ;лняйбю;деиярбсчыхи;щю;RA2,3,5A
лняйбю (бмсйнбн);UUWW;KO85OO, KO85PO;лняйбю;деиярбсчыхи;цю;RA2,3,5A
лняйбю (цйа-15);UUUN;KO85VR;лняйбю;деиярбсчыхи;лвя;RA2,3,5A
лняйбю (цйа-20);UUUQ;KO85TU;лняйбю;деиярбсчыхи;лвя;RA2,3,5A
лняйбю (цйа-7);UUUB;KO85TP;лняйбю;деиярбсчыхи;лвя;RA2,3,5A
лняйбю (цйа-71);UUUR;KO85RR;лняйбю;деиярбсчыхи;лвя;RA2,3,5A
лняйбю (днл опюбхрекэярбю);UUUV;KO85SS;лняйбю;деиярбсчыхи;тяа;RA2,3,5A
лняйбю (йпелкэ);UUUC;KO85TS, KO85TR;лняйбю;деиярбсчыхи;тяа;RA2,3,5A
лняйбю (мхх мду Х р);UUUH;KO85TR;лняйбю;деиярбсчыхи;лвя;RA2,3,5A
лняйбю (мхх яо);UUUI;KO85TS;лняйбю;деиярбсчыхи;лвя;RA2,3,5A
лняйбю (нярютэебн);UUMO;KO85RM, KO85SM;лняйбю;деиярбсчыхи;лн;RA2,3,5A
лняйбю (рсьхмн);UUUS;KO85RT;лняйбю;медеиярбсчыхи;цю;RA2,3,5A
лняйбю (ундшмйю) жйю ХЛ, тПСМГЕ;XUMF;KO85SS;лняйбю;медеиярбсчыхи;щю;RA2,3,5A
ьхьйхм кея;UUWQ;KO85OJ, KO85OK;лняйбю;деиярбсчыхи;юнм;RA2,3,5A
ъяемебн;UUWR;KO85SO;лняйбю;деиярбсчыхи;юнм;RA2,3,5A
юкюахмн;XUMA;KO85LM;лняйнбяйюъ нак;деиярбсчыхи;лн;RA2,3,5D
юктепэебн;XUOA;KO76WC;лняйнбяйюъ нак;деиярбсчыхи;дняюют;RA2,3,5D
юмняхмн-2;UUWY;KO85LT;лняйнбяйюъ нак;деиярбсчыхи;юнм;RA2,3,5D
ющпнцпюд-лнфюияйхи;UUWH;KO85CL, KO85CM;лняйнбяйюъ нак;деиярбсчыхи;юнм;RA2,3,5D
аекннлср;UUCB;KO94PW;лняйнбяйюъ нак;деиярбсчыхи;юнм;RA2,3,5D
акюцнбеыемэе;UUMX;KO96BH;лняйнбяйюъ нак;медеиярбсчыхи;юнм;RA2,3,5D
анкэьне цпшгкнбн;UUDG;KO84TS;лняйнбяйюъ нак;деиярбсчыхи;юнм;RA2,3,5D
бюрскхмн;UUMW;KO85BP, KO85BQ;лняйнбяйюъ нак;деиярбсчыхи;юнм;RA2,3,5D
бепрнкермши онпр осьйхмн;UUME;KO86XA, KO86XB;лняйнбяйюъ нак;медеиярбсчыхи;юнм;RA2,3,5D
бгкермюъ;UUDW;KO85UJ;лняйнбяйюъ нак;деиярбсчыхи;юнм;RA2,3,5D
бхупебн;UUCW;KO96BF;лняйнбяйюъ нак;деиярбсчыхи;юнм;RA2,3,5D
бнкнянбн;XUMW;KO85RB;лняйнбяйюъ нак;деиярбсчыхи;дняюют;RA2,3,5D
бняйпеяемяй;UUMV;KO95HH;лняйнбяйюъ нак;деиярбсчыхи;юнм;RA2,3,5D
цюмэйхмн;UUMQ;KO94QU;лняйнбяйюъ нак;деиярбсчыхи;юнм;RA2,3,5D
цнкхйнбн;UUCG;KO85PW;лняйнбяйюъ нак;деиярбсчыхи;юнм;RA2,3,5D
цнпйх-9;UUWU;KO85NR;лняйнбяйюъ нак;деиярбсчыхи;тяа;RA2,3,5D
цпхмбсд;UUCU;KO85QU;лняйнбяйюъ нак;деиярбсчыхи;юнм;RA2,3,5D
цспаюм;UUEQ;KO86SD;лняйнбяйюъ нак;деиярбсчыхи;юнм;RA2,3,5D
днпнфмши;UUCD;KO86JH;лняйнбяйюъ нак;деиярбсчыхи;юнм;RA2,3,5D
ецюмнбн;UUCE;KO95AM;лняйнбяйюъ нак;деиярбсчыхи;юнм;RA2,3,5D
ецнпэебяй (ьсбне);XUMG;KO95MK, KO95ML;лняйнбяйюъ нак;деиярбсчыхи;дняюют;RA2,3,5D
фсйнбяйхи (пюлемяйне);UUBW;KO95BN, KO95CN, KO95BM, KO95CM;лняйнбяйюъ нак;деиярбсчыхи;щю;RA2,3,5D
хкэъянбн;UUCI;KO94JW;лняйнбяйюъ нак;деиярбсчыхи;юнм;RA2,3,5D
йкхм;XUMN;KO86II, KO86JI;лняйнбяйюъ нак;деиярбсчыхи;лн;RA2,3,5D
йнкнлмю (йнпнавеебн);XUMK;KO95KC, KO95LC;лняйнбяйюъ нак;деиярбсчыхи;дняюют;RA2,3,5D
йпнйся-щйяон;UUUG;KO85QT;лняйнбяйюъ нак;деиярбсчыхи;юнм;RA2,3,5D
йсахмйю;UUMB;KO85HO,KO85IO;лняйнбяйюъ нак;деиярбсчыхи;лн;RA2,3,5D
ксунбхжш (рперэъйнбн);XUMT;KO94MV, KO94MW;лняйнбяйюъ нак;деиярбсчыхи;щю;RA2,3,5D
люкхмн;XUMM;KO95BB, KO95BC;лняйнбяйюъ нак;медеиярбсчыхи;лн;RA2,3,5D
лняйбю (ашйнбн);UUBB;KO95AO, KO95AP;лняйнбяйюъ нак;медеиярбсчыхи;цю;RA2,3,5D
лняйбю (днлндеднбн);UUDD;KO85WJ, KO85WK, KO85XJ, KO85XK;лняйнбяйюъ нак;деиярбсчыхи;цю;RA2,3,5D
лняйбю (ьепелерэебн);UUEE;KO85QX, KO85RX;лняйнбяйюъ нак;деиярбсчыхи;цю;RA2,3,5D
лъвйнбн;UUBM;KO85XN;лняйнбяйюъ нак;деиярбсчыхи;цю;RA2,3,5D
мюцнпмне;XUEN;KO85TV;лняйнбяйюъ нак;медеиярбсчыхи;дняюют;RA2,3,5D
мюпндмне меан;UUWN;KO85BL;лняйнбяйюъ нак;деиярбсчыхи;юнм;RA2,3,5D
мнбхмйх;UUDN;KO84TX, KO84UX;лняйнбяйюъ нак;деиярбсчыхи;юнм;RA2,3,5D
нцюпебн;UUWO;KO85OR;лняйнбяйюъ нак;деиярбсчыхи;тяа;RA2,3,5D
ндхмжнбн (аюйнбйю);UUWB;KO85PQ, KO85QQ;лняйнбяйюъ нак;деиярбсчыхи;юнм;RA2,3,5D
нгепш;UUMY;KO94HT;лняйнбяйюъ нак;медеиярбсчыхи;юнм;RA2,3,5D
нпкнбн (псяэ);UUDO;KO85WN;лняйнбяйюъ нак;медеиярбсчыхи;юнм;RA2,3,5D
яюояюм;UUCS;KO85PX;лняйнбяйюъ нак;деиярбсчыхи;юнм;RA2,3,5D
яебепйю;UUML;KO95IE, KO95IF;лняйнбяйюъ нак;деиярбсчыхи;юнм;RA2,3,5D
яекэмхйнбн;UUMD;KO95ND;лняйнбяйюъ нак;деиярбсчыхи;юнм;RA2,3,5D
яепосунб (дпюйхмн);XUMS;KO84PU, KO84KV;лняйнбяйюъ нак;деиярбсчыхи;дняюют;RA2,3,5D
яйл;UUWM;KO85OO, KO85OP;лняйнбяйюъ нак;деиярбсчыхи;юнм;RA2,3,5D
ярсохмн;XUMI;KO94BV;лняйнбяйюъ нак;деиярбсчыхи;лн;RA2,3,5D
рнпаеебн;UUCT;KO85WB;лняйнбяйюъ нак;деиярбсчыхи;юнм;RA2,3,5D
уекхонпр хярпю;UUMR;KO85JV;лняйнбяйюъ нак;деиярбсчыхи;юнм;RA2,3,5D
уекхонпр лняйбю;UUUZ;KO85QT;лняйнбяйюъ нак;деиярбсчыхи;юнм;RA2,3,5D
уекхонпр песрнб;UUDR;KO85WS;лняйнбяйюъ нак;деиярбсчыхи;юнм;RA2,3,5D
вепмнцнкнбйю;UUMC;KO96DA, KO96EA;лняйнбяйюъ нак;деиярбсчыхи;юнм;RA2,3,5D
вепмне;XUMH;KO95AS;лняйнбяйюъ нак;деиярбсчыхи;дняюют;RA2,3,5D
вйюкнбяйхи;UUMU;KO95AU, KO95AV, KO95BU, KO95BV;лняйнбяйюъ нак;деиярбсчыхи;лн;RA2,3,5D
чпэебн;UUAO;KO86TB;лняйнбяйюъ нак;деиярбсчыхи;юнм;RA2,3,5D
ъмхмн;UUCQ;KO95QE, KO95RE;лняйнбяйюъ нак;деиярбсчыхи;юнм;RA2,3,5D
ъупнлю (бнкем);UUEJ;KO86RG;лняйнбяйюъ нак;деиярбсчыхи;юнм;RA2,3,5D
юкюйспррх;XLMA;KP56DX, KP56EX;лсплюмяйюъ нак;медеиярбсчыхи;лн;RA1Z
юоюрхрш (ухахмш);ULMK;KP67SL, KP67TL, KP67TK;лсплюмяйюъ нак;деиярбсчыхи;цю;RA1Z
ютпхйюмдю;XLMF;KP67JL, KP67JK;лсплюмяйюъ нак;медеиярбсчыхи;лн;RA1Z
бюпгсцю;ULMB;KP86HJ;лсплюмяйюъ нак;медеиярбсчыхи;цю;RA1Z
йюмебйю;ULMZ;KP97UC, KP97UD;лсплюмяйюъ нак;деиярбсчыхи;цю;RA1Z
йхпнбяй;XLMK;KP67SN, KP67TN;лсплюмяйюъ нак;медеиярбсчыхи;лн;RA1Z
йхжю (рюианкю);XLMT;KP68PL, KP68PM;лсплюмяйюъ нак;медеиярбсчыхи;лн;RA1Z
йнбднп;ULMD;KP57HM;лсплюмяйюъ нак;медеиярбсчыхи;цю;RA1Z
йньйю-ъбп (рхрнбйю);XLMY;KP59OG, KP59OF;лсплюмяйюъ нак;медеиярбсчыхи;лн;RA1Z
йпюямныекэе;ULMX;KP87MI, KP87NI;лсплюмяйюъ нак;деиярбсчыхи;цю;RA1Z
йсгнлемэ;ULMN;KP86KG;лсплюмяйюъ нак;медеиярбсчыхи;цю;RA1Z
кнбнгепн;ULML;KP78LA, KP78MA;лсплюмяйюъ нак;деиярбсчыхи;цю;RA1Z
кснярюпх (йнпгсмнбн);XLML;KP59LJ, KP59MJ, ;лсплюмяйюъ нак;медеиярбсчыхи;лн;RA1Z
лнмвецнпяй;XLMG;KP67MX, KP67LX, KP68MA;лсплюмяйюъ нак;деиярбсчыхи;лн;RA1Z
лсплюмяй;ULMM;KP68IP, KP68IS, KP68JS;лсплюмяйюъ нак;деиярбсчыхи;цю;RA1Z
лсплюмяй (йхкозъбп);ULMW;KP69EC, KP69FC, KP69EB;лсплюмяйюъ нак;медеиярбсчыхи;лн;RA1Z
лсплюмяй (лсплюьх);XLMN;KP68JT;лсплюмяйюъ нак;деиярбсчыхи;дняюют;RA1Z
мхйекэ;ULMI;KP59CJ;лсплюмяйюъ нак;деиярбсчыхи;цю;RA1Z
нкемэъ;XLMO;KP68RD, KP68RE;лсплюмяйюъ нак;деиярбсчыхи;лн;RA1Z
нярпнб йхкэдхм (онкъпмши);XLMI;KP79BH, KP79CH;лсплюмяйюъ нак;медеиярбсчыхи;лн;RA1Z
онмни;ULMO;LP07LC;лсплюмяйюъ нак;медеиярбсчыхи;цю;RA1Z
яебепнлнпяй-1;XLMD;KP69QB, KP69QA, KP69RA, KP69RB;лсплюмяйюъ нак;деиярбсчыхи;лн;RA1Z
яебепнлнпяй-2;XLME;KP69PA;лсплюмяйюъ нак;деиярбсчыхи;лн;RA1Z
яебепнлнпяй-3;XLMV;KP68UV, KP68UU;лсплюмяйюъ нак;деиярбсчыхи;лн;RA1Z
янямнбйю;ULMS;LP06GL, LP06GM;лсплюмяйюъ нак;деиярбсчыхи;цю;RA1Z
рюкши псвеи;ULMH;KP66WV;лсплюмяйюъ нак;медеиярбсчыхи;лн;RA1Z
рерпхмн;ULMU;KP96DB;лсплюмяйюъ нак;медеиярбсчыхи;цю;RA1Z
слаю;ULMA;KP76EQ;лсплюмяйюъ нак;деиярбсчыхи;цю;RA1Z
слангепн;XLMU;KP77DL, KP77DM, KP77EM;лсплюмяйюъ нак;медеиярбсчыхи;лн;RA1Z
уюпхсямши (аепегнбйю);XLMH;KP77CI, KP77CJ;лсплюмяйюъ нак;медеиярбсчыхи;лн;RA1Z
вюбюмэцю;ULMQ;KP86UC;лсплюмяйюъ нак;медеиярбсчыхи;цю;RA1Z
вюонлю;ULMP;KP96JC, KP96KC;лсплюмяйюъ нак;медеиярбсчыхи;цю;RA1Z
юлдеплю;ULDD;MP09SS, MP09TS;мемежйхи юн;деиярбсчыхи;лн;RA9K
аексьэе;ULEB;LP36TV;мемежйхи юн;деиярбсчыхи;цю;RA9K
асцпхмн;ULBB;LP48PS;мемежйхи юн;медеиярбсчыхи;цю;RA9K
бюпюмдеи;ULDW;LP98CU;мемежйхи юн;деиярбсчыхи;цю;RA9K
бхфюя;ULJI;LP26WP;мемежйхи юн;деиярбсчыхи;цю;RA9K
бнкнйнбюъ;ULEW;LP46CL;мемежйхи юн;деиярбсчыхи;цю;RA9K
хмдхцю;ULEI;LP47MP;мемежйхи юн;деиярбсчыхи;цю;RA9K
йюпюрюийю;ULDT;MP08QS, MP08RS;мемежйхи юн;деиярбсчыхи;цю;RA9K
йнрйхмн;ULEK;LP57NA;мемежйхи юн;деиярбсчыхи;цю;RA9K
кюанфяйне;ULEL;LP67AH, LP67BH;мемежйхи юн;деиярбсчыхи;цю;RA9K
мюпэъм-люп;ULAM;LP67NP;мемежйхи юн;деиярбсчыхи;цю;RA9K
меяэ;ULJN;LP26HO;мемежйхи юн;медеиярбсчыхи;цю;RA9K
мхфмъъ оеью;ULAV;LP36UR, LP36US;мемежйхи юн;деиярбсчыхи;цю;RA9K
нйяхмн;ULEO;LP67CN, LP67CO;мемежйхи юн;медеиярбсчыхи;цю;RA9K
оеявюмйю;ULEP;LP59CE, LP59DE;мемежйхи юн;медеиярбсчыхи;цю;RA9K
оеявюмйю-3;ULJP;LP59AG;мемежйхи юн;медеиярбсчыхи;цю;RA9K
ямною;ULJS;LP36MR;мемежйхи юн;медеиярбсчыхи;цю;RA9K
рньбхяйю;ULET;LP67DD;мемежйхи юн;медеиярбсчыхи;цю;RA9K
рпеаяю;ULDR;LP88UR;мемежйхи юн;деиярбсчыхи;цю;RA9K
сярэ-йюпю;ULDU;MP29LG;мемежйхи юн;медеиярбсчыхи;цю;RA9K
тюпхую;ULEF;LP78LI;мемежйхи юн;медеиярбсчыхи;цю;RA9K
уюпэъцхмяйхи;ULEG;LP87JF;мемежйхи юн;деиярбсчыхи;цю;RA9K
унпеи-беп;ULEH;LP97AK;мемежйхи юн;деиярбсчыхи;цю;RA9K
ьнимю;ULBO;LP27BU;мемежйхи юн;деиярбсчыхи;цю;RA9K
юпгюлюя;UWGZ;LO15WI;мхфецнпндяйюъ нак;медеиярбсчыхи;цю;RA2,3,5T
юпгюлюя (лхся);XUDM;LO14PW, LO14PX;мхфецнпндяйюъ нак;деиярбсчыхи;щю;RA2,3,5T
аюахмн;UWGI;LO16TF;мхфецнпндяйюъ нак;деиярбсчыхи;юнм;RA2,3,5T
анцнпндяй;XUDK;LO16SC, LO16SD;мхфецнпндяйюъ нак;деиярбсчыхи;дняюют;RA2,3,5T
анкэьне анкдхмн;UWGB;LO25PA;мхфецнпндяйюъ нак;деиярбсчыхи;цю;RA2,3,5T
аспжебн (дняйхмн);UWGQ;LO16UD;мхфецнпндяйюъ нак;медеиярбсчыхи;цю;RA2,3,5T
бнгмеяемяйне;UWGV;LO14JV;мхфецнпндяйюъ нак;медеиярбсчыхи;цю;RA2,3,5T
бшйяю;UWGX;LO15BH;мхфецнпндяйюъ нак;медеиярбсчыхи;цю;RA2,3,5T
цюцхмн;UWGA;LO25MF;мхфецнпндяйюъ нак;медеиярбсчыхи;цю;RA2,3,5T
цнпндеж;UWGD;LO16RQ;мхфецнпндяйюъ нак;медеиярбсчыхи;цю;RA2,3,5T
йскеаюйх;UWGK;LO15FK;мхфецнпндяйюъ нак;медеиярбсчыхи;цю;RA2,3,5T
кшяйнбн;UWGL;LO26NA;мхфецнпндяйюъ нак;медеиярбсчыхи;цю;RA2,3,5T
людюебн;UWGE;LO24GT;мхфецнпндяйюъ нак;медеиярбсчыхи;цю;RA2,3,5T
лнфюпнб люидюм;UWGM;LO25WO;мхфецнпндяйюъ нак;медеиярбсчыхи;цю;RA2,3,5T
мхфмхи мнбцнпнд (янплнбн);XUDS;LO16VH;мхфецнпндяйюъ нак;деиярбсчыхи;щю;RA2,3,5T
мхфмхи мнбцнпнд (ярпхцхмн);UWGG;LO16VF;мхфецнпндяйюъ нак;деиярбсчыхи;цю;RA2,3,5T
нукнойнбн;UWGO;LO16ME, LO16NE;мхфецнпндяйюъ нак;деиярбсчыхи;юнм;RA2,3,5T
оерпъйяш;UWGP;LO35AJ;мхфецнпндяйюъ нак;медеиярбсчыхи;цю;RA2,3,5T
онвхмйх йя;UUAJ;LO24HQ;мхфецнпндяйюъ нак;деиярбсчыхи;цю;RA2,3,5T
опюбдхмяй;XUDP;LO16RM;мхфецнпндяйюъ нак;деиярбсчыхи;лн;RA2,3,5T
пнфемжнбн (бюд);UWGR;LO25DL;мхфецнпндяйюъ нак;медеиярбсчыхи;лн;RA2,3,5T
яюбюякеийю;XUDE;LO15DK;мхфецнпндяйюъ нак;деиярбсчыхи;лн;RA2,3,5T
якнандяйне;XWGS;LO26EA;мхфецнпндяйюъ нак;медеиярбсчыхи;цю;RA2,3,5T
рнмьюебн;UWGT;LO37MR;мхфецнпндяйюъ нак;медеиярбсчыхи;цю;RA2,3,5T
ьюусмэъ;XWGJ;LO37GQ;мхфецнпндяйюъ нак;медеиярбсчыхи;цю;RA2,3,5T
анпнбхвх;ULNB;KO68WK;мнбцнпндяйюъ нак;медеиярбсчыхи;цю;RA1T
бюкдюи (жпа);ULNC;KO67OX;мнбцнпндяйюъ нак;деиярбсчыхи;цю;RA1T
бюкдюи-юбхю;ULNA;KO67OX;мнбцнпндяйюъ нак;деиярбсчыхи;юнм;RA1T
йпевебхжш;ULLK;KO58QO, KO58QP;мнбцнпндяйюъ нак;медеиярбсчыхи;лн;RA1T
кчашрхмн;ULNL;KO68QT;мнбцнпндяйюъ нак;деиярбсчыхи;юнм;RA1T
люпебн;ULNM;KO67AH;мнбцнпндяйюъ нак;медеиярбсчыхи;цю;RA1T
мнбцнпнд;ULNN;KO58OL, KO58OM;мнбцнпндяйюъ нак;медеиярбсчыхи;цю;RA1T
оеярнбн;ULNP;KO78VO;мнбцнпндяйюъ нак;деиярбсчыхи;цю;RA1T
янкэжш-2;XLLL;KO58DD, KO58ED;мнбцнпндяйюъ нак;деиярбсчыхи;лн;RA1T
ярюпюъ псяяю;ULNR;KO57QW, KO57QX;мнбцнпндяйюъ нак;деиярбсчыхи;щю;RA1T
убнимюъ;ULNH;KO78GV;мнбцнпндяйюъ нак;медеиярбсчыхи;цю;RA1T
всднбн жпа;ULNX;KO59TC;мнбцнпндяйюъ нак;деиярбсчыхи;лвя;RA1T
аюпюахмяй;UNRR;MO95DI;мнбняхахпяйюъ нак;медеиярбсчыхи;цю;RA9O
аепдяй (жемрпюкэмши);XNNB;NO14NR;мнбняхахпяйюъ нак;деиярбсчыхи;дняюют;RA9O
йюпюясй;UNCX;MO93AQ, MO93AR, MO93BR;мнбняхахпяйюъ нак;медеиярбсчыхи;цю;RA9O
йпюямнгепяйне;UNCN;MO93PX;мнбняхахпяйюъ нак;медеиярбсчыхи;цю;RA9O
йсанбюъ;XNNU;NO15MG;мнбняхахпяйюъ нак;деиярбсчыхи;лн;RA9O
йсохмн;XNNK;MO84QI;мнбняхахпяйюъ нак;медеиярбсчыхи;лн;RA9O
мнбняхахпяй (екэжнбйю);UNNE;NO15MC, NO15LC, NO15LB, NO15MB;мнбняхахпяйюъ нак;деиярбсчыхи;щю;RA9O
мнбняхахпяй (яебепмши);UNCC;NO15KB, NO15KC;мнбняхахпяйюъ нак;медеиярбсчыхи;цю;RA9O
мнбняхахпяй (рнклювебн);UNNT;NO15HB, NO15HA, NO15IA;мнбняхахпяйюъ нак;деиярбсчыхи;цю;RA9O
охурнбйю;UNNP;NO15IX;мнбняхахпяйюъ нак;деиярбсчыхи;цю;RA9O
яебепмне;UNNS;MO96EH, MO96EI;мнбняхахпяйюъ нак;деиярбсчыхи;цю;RA9O
бекхйхи мнбцнпнд (анпйх);XLND;KO58MI;мнцнпндяйюъ нак;деиярбсчыхи;дняюют;RA1T
гмюлемяйне;UNOZ;MO67VC;нляйюъ нак;деиярбсчыхи;цю;RA9M
йюкювхмяй;UNOK;MO75HA;нляйюъ нак;деиярбсчыхи;цю;RA9M
нляй (люпэъмнбйю);XNOM;MO64HX, MO64IX;нляйюъ нак;деиярбсчыхи;юнм;RA9M
нляй (яебепмши);UNOS;MO64SX;нляйюъ нак;деиярбсчыхи;лн;RA9M
нляй (теднпнбйю);UNOF;MO65LB, MO65LC, MO65MC, MO65MB;нляйюъ нак;медеиярбсчыхи;цю;RA9M
нляй (жемрпюкэмши);UNOO;MO64PW, MO64PX, MO64QX;нляйюъ нак;деиярбсчыхи;цю;RA9M
рюпю;UNOT;MO76DV;нляйюъ нак;деиярбсчыхи;цю;RA9M
ребпхг;UNOW;MO67EL, MO67EM;нляйюъ нак;медеиярбсчыхи;цю;RA9M
сярэ-хьхл;UNOI;MO57NQ, MO57NR;нляйюъ нак;медеиярбсчыхи;цю;RA9M
вюоюебн;UNOC;MO66XF;нляйюъ нак;медеиярбсчыхи;цю;RA9M
юыеасрюй;XWOA;LO91NA, LO91OA;нпемаспцяйюъ нак;медеиярбсчыхи;лн;RA9C
асцспсякюм (цкюбмши);UWWB;LO63FO;нпемаспцяйюъ нак;деиярбсчыхи;цю;RA9C
асцспсякюм (яебепмши);UWWZ;LO63EQ, LO63ER;нпемаспцяйюъ нак;деиярбсчыхи;цю;RA9C
асгсксй;XWOB;LO62CT;нпемаспцяйюъ нак;деиярбсчыхи;дняюют;RA9C
днлаюпнбяйхи;XWTD;LO90RT, LO90ST;нпемаспцяйюъ нак;медеиярбсчыхи;лн;RA9C
днлаюпнбяйхи;UWOJ;LO90RT, LO90ST;нпемаспцяйюъ нак;деиярбсчыхи;цю;RA9C
йсьйскэ яюйлюпю;UWOY;LO71NV, LO71OV;нпемаспцяйюъ нак;деиярбсчыхи;юнм;RA9C
нпемаспц;UWOO;LO71RT, LO71RS;нпемаспцяйюъ нак;деиярбсчыхи;цю;RA9C
нпемаспц-2;XWON;LO71MR, LO71MQ;нпемаспцяйюъ нак;деиярбсчыхи;лн;RA9C
нпяй;UWOR;LO91GB, LO91HB;нпемаспцяйюъ нак;деиярбсчыхи;цю;RA9C
нпяй (цсдпнм);XWOR;LO91IE, LO91IF;нпемаспцяйюъ нак;деиярбсчыхи;дняюют;RA9C
нпяй (оепбнлюияйхи);XWOW;LO91HG, LO91HH;нпемаспцяйюъ нак;медеиярбсчыхи;лн;RA9C
нпяй (вхкхфмши днк);XWOL;LO91GC;нпемаспцяйюъ нак;медеиярбсчыхи;лн;RA9C
оепбнлюияйхи;UWOP;LO51TV;нпемаспцяйюъ нак;деиярбсчыхи;цю;RA9C
янпнвхмяй;UWOE;LO62NK;нпемаспцяйюъ нак;медеиярбсчыхи;цю;RA9C
рнжйне;XWOT;LO62JL, LO62JM;нпемаспцяйюъ нак;медеиярбсчыхи;лн;RA9C
веаемэйх;XWOI;LO71SX;нпемаспцяйюъ нак;деиярбсчыхи;лн;RA9C
ъямши;XWTJ;LO91WB;нпемаспцяйюъ нак;деиярбсчыхи;лн;RA9C
нпек (осцювебйю);XUOE;KO82CV;нпкнбяйюъ нак;деиярбсчыхи;дняюют;RA2,3,5E
нпек (чфмши);UUOR;KO72XW, KO82AW;нпкнбяйюъ нак;медеиярбсчыхи;цю;RA2,3,5E
йсгмежй;XWPK;LO33GC, LO33HC;оемгемяйюъ нак;медеиярбсчыхи;лн;RA4F
оемгю (янямнбйю);XWPO;LO23PG;оемгемяйюъ нак;деиярбсчыхи;дняюют;RA4F
оемгю (репмнбйю);UWPP;LO23MC;оемгемяйюъ нак;деиярбсчыхи;цю;RA4F
аепегмхйх;USPT;LO89KN, LO89KO;оепляйхи йпюи;деиярбсчыхи;цю;RA9F
аепьерэ;XSPB;LO87DR;оепляйхи йпюи;медеиярбсчыхи;лн;RA9F
цюимш;USPG;LP70EG, LP70DG;оепляйхи йпюи;деиярбсчыхи;цю;RA9F
йсдшлйюп;USPK;LO79HB;оепляйхи йпюи;медеиярбсчыхи;цю;RA9F
кшяэбю;USPL;LO88UC;оепляйхи йпюи;деиярбсчыхи;цю;RA9F
мшпна;USPO;LP80IR;оепляйхи йпюи;деиярбсчыхи;цю;RA9F
оеплэ (аюуюпебйю);USPB;LO87CW;оепляйхи йпюи;медеиярбсчыхи;цю;RA9F
оеплэ (анкэьне яюбхмн);USPP;LO77XV, LO78AV, LO87AW;оепляйхи йпюи;деиярбсчыхи;цю;RA9F
оеплэ (тпнкнбн);XSPF;LO87CV, LO87DV;оепляйхи йпюи;деиярбсчыхи;дняюют;RA9F
вюийнбяйхи;USPW;LO76BS;оепляйхи йпюи;деиярбсчыхи;цю;RA9F
вепмсьйю;USPC;LO86AL;оепляйхи йпюи;деиярбсчыхи;цю;RA9F
юцгс;UHTZ;PN97EO;опхлнпяйхи йпюи;деиярбсчыхи;цю;RA0L
юдю;UHHA;PN87SD;опхлнпяйхи йпюи;медеиярбсчыхи;цю;RA0L
юлцс;UHTG;PN85UU;опхлнпяйхи йпюи;деиярбсчыхи;цю;RA0L
юпяемэеб;UHWA;PN64PD;опхлнпяйхи йпюи;деиярбсчыхи;щю;RA0L
асурю мнбхжйнцн;UHTB;PN62KS;опхлнпяйхи йпюи;деиярбсчыхи;цю;RA0L
бюптнкнлеебйю;XHIF;PN64QG, PN64RG, PN64QF;опхлнпяйхи йпюи;деиярбсчыхи;лн;RA0L
бкюдхбнярнй (ймебхвх);UHWW;PN63CJ, PN63BJ;опхлнпяйхи йпюи;деиярбсчыхи;цю;RA0L
бкюдхбнярнй (нгепмше йкчвх);UHWL;PN63BI;опхлнпяйхи йпюи;деиярбсчыхи;цю;RA0L
бнгдбхфемйю;XHWV;PN53XW, PN53XV, PN53WV, PN53WW;опхлнпяйхи йпюи;деиярбсчыхи;лн;RA0L
бнгмеяемйю;XHIN;PN64CF;опхлнпяйхи йпюи;медеиярбсчыхи;лн;RA0L
бняйпеяемйю;XHIW;PN64IN;опхлнпяйхи йпюи;медеиярбсчыхи;лн;RA0L
бнярнй-2;UHTW;PN76VJ;опхлнпяйхи йпюи;деиярбсчыхи;цю;RA0L
бнярнвмши онпр;UHTK;PN62NS, PN62NR;опхлнпяйхи йпюи;деиярбсчыхи;цю;RA0L
цюкемйх;XHIG;PN54VC, PN54VB;опхлнпяйхи йпюи;деиярбсчыхи;лн;RA0L
дюкэмецнпяй (яоюяяй-дюкэмхи);UHWD;PN64KO;опхлнпяйхи йпюи;медеиярбсчыхи;цю;RA0L
дюкэмепевемяй;UHHD;PN65UV, PN65UU;опхлнпяйхи йпюи;деиярбсчыхи;цю;RA0L
дюкэмепевемяй (цнксанбйю);XHID;PN65VU;опхлнпяйхи йпюи;медеиярбсчыхи;лн;RA0L
едхмйю;UHWE;PN97HE, PN97IE;опхлнпяйхи йпюи;деиярбсчыхи;цю;RA0L
гнкнрюъ днкхмю (смюьх);XHWI;PN62NX, PN62NW;опхлнпяйхи йпюи;медеиярбсчыхи;лн;RA0L
йюбюкепнбн;UHWK;PN74MG;опхлнпяйхи йпюи;деиярбсчыхи;цю;RA0L
йюлемэ-пшанкнб;XHIR;PN64AR, PN64AS;опхлнпяйхи йпюи;деиярбсчыхи;цю;RA0L
кюсуе;UHTL;PN86HO, PN86IO;опхлнпяйхи йпюи;медеиярбсчыхи;цю;RA0L
люйяхлнбйю;UHTM;PN86WC;опхлнпяйхи йпюи;медеиярбсчыхи;цю;RA0L
лхуюикнбйю (йнллсмю кемхмю);XHWM;PN63AV;опхлнпяйхи йпюи;медеиярбсчыхи;лн;RA0L
лмнцнсднамне;UHTE;PN63FL;опхлнпяйхи йпюи;медеиярбсчыхи;?;RA0L
мюундйю;UHTN;PN62KT, PN62KU;опхлнпяйхи йпюи;деиярбсчыхи;цю;RA0L
мхйнкюебйю (опхлнпяйюъ);XHWE;PN63OB, PN63OC;опхлнпяйхи йпюи;деиярбсчыхи;лн;RA0L
мнбнмефхмн;XHWN;PN63GF, PN63HF;опхлнпяйхи йпюи;деиярбсчыхи;лн;RA0L
мнбнмхйнкэяй;XHWK;PN53WU;опхлнпяйхи йпюи;медеиярбсчыхи;лн;RA0L
нгепмюъ оюдэ;XHIO;PN64CA;опхлнпяйхи йпюи;медеиярбсчыхи;лн;RA0L
нгепмше йкчвх;UHWL;PN63BI;опхлнпяйхи йпюи;деиярбсчыхи;цю;RA0L
нунрмхвхи;UHHX;PN86LL, PN86LM;опхлнпяйхи йпюи;медеиярбсчыхи;цю;RA0L
окюярсм;UHWP;PN84DT;опхлнпяйхи йпюи;деиярбсчыхи;цю;RA0L
онцпюмхвмши нрпъд;UHTP;PN54QJ;опхлнпяйхи йпюи;деиярбсчыхи;тяа;RA0L
опхярюмэ;XHWP;PN63DG, PN63EG, PN63DF, PN63EF;опхлнпяйхи йпюи;медеиярбсчыхи;лн;RA0L
пныхмн;UHWR;PN75KV;опхлнпяйхи йпюи;медеиярбсчыхи;цю;RA0L
яюлюпцю;UHTS;PN97JG;опхлнпяйхи йпюи;деиярбсчыхи;цю;RA0L
яберкюъ;UHTQ;PN96DM, PN96DN;опхлнпяйхи йпюи;деиярбсчыхи;цю;RA0L
яепютхлнбйю;UHWS;PN73OV, PN730W;опхлнпяйхи йпюи;медеиярбсчыхи;цю;RA0L
яепцеебйю;UHWS;PN73OV, PN73OW;опхлнпяйхи йпюи;медеиярбсчыхи;цю;RA0L
янйнкнбйю;XHIS;PN64WB, PN64WC;опхлнпяйхи йпюи;медеиярбсчыхи;лн;RA0L
янямнбюъ оюдэ;UHTX;PN54PJ;опхлнпяйхи йпюи;деиярбсчыхи;тяа;RA0L
репмеи;UHWT;PN85HB, PN85HC;опхлнпяйхи йпюи;деиярбсчыхи;цю;RA0L
смрш;UHTY;PN97HI;опхлнпяйхи йпюи;медеиярбсчыхи;цю;RA0L
сяяспхияй (аюпюмнбяйхи);UHWU;PN63AS, PN63XS, PN63AR;опхлнпяйхи йпюи;медеиярбсчыхи;цю;RA0L
убюкшмйю;XHIH;PN64KO, PN64KP;опхлнпяйхи йпюи;;;RA0L
унпнкэ;XHIL;PN64BL, PN64BK;опхлнпяйхи йпюи;деиярбсчыхи;лн;RA0L
жемрпюкэмюъ-сцкнбюъ;XHIU;PN63AI;опхлнпяйхи йпюи;деиярбсчыхи;лн;RA0L
вепмхцнбйю;XHII;PN64GH, PN64GI;опхлнпяйхи йпюи;деиярбсчыхи;лн;RA0L
вепмшьебйю;XHIE;PN64ME, PN64NE;опхлнпяйхи йпюи;медеиярбсчыхи;лн;RA0L
ьлюйнбйю;UHWM;PN65SF;опхлнпяйхи йпюи;деиярбсчыхи;цю;RA0L
бекхйхе ксйх;ULOL;KO56HJ, KO56HI;ояйнбяйюъ нак;медеиярбсчыхи;дняюют;RA1W
цднб (ялспюбэебн);XLLG;KO38XT, KO48AT;ояйнбяйюъ нак;деиярбсчыхи;лн;RA1W
дмн;XLOD;KO47XS;ояйнбяйюъ нак;медеиярбсчыхи;цю;RA1W
хдпхжю;XLOI;KO46KI;ояйнбяйюъ нак;медеиярбсчыхи;цю;RA1W
хганпяй;ULOI;KO37UR;ояйнбяйюъ нак;медеиярбсчыхи;цю;RA1W
нярпнб (беперэе);XLOS;KO47FH, KO47FG, KO47EG, KO47EH;ояйнбяйюъ нак;деиярбсчыхи;лн;RA1W
ояйнб (йпеярш);ULOO;KO47ET, KO47ES;ояйнбяйюъ нак;деиярбсчыхи;цю;RA1W
ояйнб (янпнйхмн);XLOR;KO47CR;ояйнбяйюъ нак;деиярбсчыхи;юнм;RA1W
ояйнб (ьюаюмнбн);XLLB;KO47DT;ояйнбяйюъ нак;медеиярбсчыхи;лн;RA1W
югнб;XRRA;KN97QC;пнярнбяйюъ нак;деиярбсчыхи;дняюют;RA6L
аюрюияй;XRRB;KN97VC;пнярнбяйюъ нак;медеиярбсчыхи;лн;RA6L
аекюъ йюкхрбю;URRA;LN08JF;пнярнбяйюъ нак;деиярбсчыхи;цю;RA6L
беьемяйюъ;URRW;LN09UP;пнярнбяйюъ нак;деиярбсчыхи;юнм;RA6L
бнкцнднмяй;URRQ;LN17AQ, LN17BQ;пнярнбяйюъ нак;медеиярбсчыхи;цю;RA6L
дсанбяйне;URRD;LN17JJ, LN17JK;пнярнбяйюъ нак;медеиярбсчыхи;цю;RA6L
ецнпкшйяйюъ;XRRL;LN06GN, LN06HN;пнярнбяйюъ нак;деиярбсчыхи;лн;RA6L
гюбермне;URRY;LN17XC, LN17XD;пнярнбяйюъ нак;медеиярбсчыхи;цю;RA6L
гепмнцпюд;XRRG;LN06ET, LN06EU;пнярнбяйюъ нак;медеиярбсчыхи;лн;RA6L
гхлнбмхйх;XRRZ;LN17ED;пнярнбяйюъ нак;медеиярбсчыхи;лн;RA6L
гхлнбмхйх лбк;URRF;LN17FD;пнярнбяйюъ нак;медеиярбсчыхи;цю;RA6L
йнмярюмрхмнбяй;URRG;LN07NO;пнярнбяйюъ нак;медеиярбсчыхи;цю;RA6L
лхккепнбн;URRI;LN08EW;пнярнбяйюъ нак;медеиярбсчыхи;цю;RA6L
лхккепнбн;XRRI;LN08DW;пнярнбяйюъ нак;деиярбсчыхи;лн;RA6L
лнпнгнбяй;URRM;LN08VH;пнярнбяйюъ нак;деиярбсчыхи;лн;RA6L
нкэцхмяйюъ;URRX;KN96XE;пнярнбяйюъ нак;деиярбсчыхи;юнм;RA6L
онйпнбяйне;URRO;KN97LJ;пнярнбяйюъ нак;медеиярбсчыхи;цю;RA6L
пелнмрмне;URRE;LN16TN;пнярнбяйюъ нак;медеиярбсчыхи;цю;RA6L
пнлюмнбяйюъ;XRRW;LN17AM;пнярнбяйюъ нак;деиярбсчыхи;дняюют;RA6L
пнярнб-мю-днмс;URRR;KN97VG, KN97WG, KN97VF;пнярнбяйюъ нак;деиярбсчыхи;цю;RA6L
пнярнб-мю-днмс (яебепмши);XRRJ;KN97UG;пнярнбяйюъ нак;деиярбсчыхи;щю;RA6L
пнярнб-мю-днмс (жемрпюкэмши);XRRO;KN97TG;пнярнбяйюъ нак;деиярбсчыхи;лн;RA6L
яюкэяй;XRRS;LN06SJ, LN06SK;пнярнбяйюъ нак;медеиярбсчыхи;лн;RA6L
рюцюмпнц (жемрпюкэмши);XRRC;KN97JF, KN97KF, KN97KG;пнярнбяйюъ нак;деиярбсчыхи;лн;RA6L
рюцюмпнц (чфмши);URRT;KN97JE, KN97KE;пнярнбяйюъ нак;деиярбсчыхи;щю;RA6L
рюжхмяйюъ;XRRE;LN08PD, LN08PE;пнярнбяйюъ нак;медеиярбсчыхи;лн;RA6L
ьюурш;URRH;LN07DQ;пнярнбяйюъ нак;деиярбсчыхи;дняюют;RA6L
кхярбъмйю;UUBZ;KO94XL, KO94XM;пъгюмяйюъ нак;деиярбсчыхи;юнм;RA2,3,5S
пъфяй;XUWR;KO93XQ, LO03AQ;пъгюмяйюъ нак;медеиярбсчыхи;лн;RA2,3,5S
пъгюмэ (дъцхкебн);UUBD;KO94SP, KO94TP;пъгюмяйюъ нак;деиярбсчыхи;лн;RA2,3,5S
пъгюмэ (опнрюянбн);UUBY;KO94WL, KO94XL;пъгюмяйюъ нак;деиярбсчыхи;юнм;RA2,3,5S
пъгюмэ (рспкюрнбн);UUBR;KO94WN;пъгюмяйюъ нак;деиярбсчыхи;цю;RA2,3,5S
яюянбн;UUBG;LO04XI;пъгюмяйюъ нак;деиярбсчыхи;цю;RA2,3,5S
яекэжш;XUWS;KO94TW;пъгюмяйюъ нак;медеиярбсчыхи;лн;RA2,3,5S
аегемвсй;XWWB;LO42QX;яюлюпяйюъ нак;медеиярбсчыхи;лн;RA4H
бепумее яюмвекеебн;UWWE;LO43RQ, LO43SQ;яюлюпяйюъ нак;деиярбсчыхи;юнм;RA4H
ценпцхебйю;UWWI;LO53MG;яюлюпяйюъ нак;деиярбсчыхи;дняюют;RA4H
йхмекэ-вепйюяяш (рнкйюи);XWWL;LO53SK, LO53SL;яюлюпяйюъ нак;медеиярбсчыхи;лн;RA4H
ксмювюп;UWWN;LO43MQ;яюлюпяйюъ нак;медеиярбсчыхи;цю;RA4H
яюлюпю (аегшлъмйю);UWWG;LO53DE, LO53DF, LO53EF;яюлюпяйюъ нак;деиярбсчыхи;щю;RA4H
яюлюпю (анапнбйю);XWWO;LO53ID;яюлюпяйюъ нак;деиярбсчыхи;лн;RA4H
яюлюпю (йпюямши-ъп);UWWQ;LO53FM;яюлюпяйюъ нак;деиярбсчыхи;юнм;RA4H
яюлюпю (йпъф);UWWV;LO53BC;яюлюпяйюъ нак;деиярбсчыхи;лн;RA4H
яюлюпю (йспслнв);UWWW;LO53BL, LO53BM, LO53CL, LO53CM;яюлюпяйюъ нак;деиярбсчыхи;цю;RA4H
яюлюпю (пнфдеярбемн);XWWD;LO53AF, LO53AG;яюлюпяйюъ нак;деиярбсчыхи;лн;RA4H
яюлюпю (ялшькъебйю);UWWS;LO53EF, LO53EG;яюлюпяйюъ нак;деиярбсчыхи;цю;RA4H
яшгпюмэ (рпнейспнбйю);XWWS;LO43GF;яюлюпяйюъ нак;деиярбсчыхи;лн;RA4H
рнкэъррх;UWWT;LO43QO;яюлюпяйюъ нак;медеиярбсчыхи;цю;RA4H
вюоюебяй (гбегдю);XWWZ;LO42TW;яюлюпяйюъ нак;медеиярбсчыхи;лн;RA4H
оерпндбнпеж (люпкх);ULLN;KO49WV;яюмй-оерепаспц;деиярбсчыхи;цю;RA1A
оерпноюбкнбяйюъ йпеонярэ;ULLQ;KO59DW;яюмй-оерепаспц;деиярбсчыхи;цю;RA1A
яюкнбю 70;ULLT;KO59EV;яюмй-оерепаспц;деиярбсчыхи;юнм;RA1A
яюмйр-оерепаспц (мхх мло);ULLE;KO59EU;яюмй-оерепаспц;деиярбсчыхи;лвя;RA1A
яюмйр-оерепаспц (оскйнбн);ULLI;KO59CT, KO59DT, KO59DS, ;яюмй-оерепаспц;деиярбсчыхи;цю;RA1A
яюмйр-оерепаспц (осьйхм);ULLP;KO59EQ, KO59DQ;яюмй-оерепаспц;деиярбсчыхи;лн;RA1A
янкмевмне (анпнбюъ);ULSQ;KP40XD;яюмй-оерепаспц;деиярбсчыхи;юнм;RA1A
бюпьюбяйюъ;ULLD;KO59DV;яюмйр-оерепаспц;деиярбсчыхи;юнм;RA1A
цом-5;ULLG;KO59DW;яюмйр-оерепаспц;деиярбсчыхи;цю;RA1A
йпнмьрюдр (ашвэе онке);ULLY;KP40UA;яюмйр-оерепаспц;деиярбсчыхи;юнм;RA1A
кюпцся;ULSA;KO59FS;яюмйр-оерепаспц;медеиярбсчыхи;юнм;RA1A
кебюьнбн;XLLV;KP50CC, KP50BC;яюмйр-оерепаспц;деиярбсчыхи;лн;RA1A
кхяхи мня (цнпяйюъ);XLLO;KP50AA;яюмйр-оерепаспц;деиярбсчыхи;дняюют;RA1A
легнм;ULLM;KO59FU;яюмйр-оерепаспц;деиярбсчыхи;юнм;RA1A
лнпяйни тюяюд;ULLF;KO59CW;яюмйр-оерепаспц;деиярбсчыхи;цю;RA1A
юпйюдюй;UWSA;LO11SV;яюпюрнбяйюъ нак;медеиярбсчыхи;цю;RA4C
аюцюи-аюпюмнбйю;XWSB;LO32LD;яюпюрнбяйюъ нак;деиярбсчыхи;лн;RA4C
аюкюйнбн (люкюъ ашйнбйю);UWSB;LO31UU, LO31VU;яюпюрнбяйюъ нак;медеиярбсчыхи;цю;RA4C
аюкюьнб;XWSW;LO11PM, LO11PN;яюпюрнбяйюъ нак;деиярбсчыхи;лн;RA4C
аюкюьнб (пеомне);UWSW;LO11NP, LO11NO;яюпюрнбяйюъ нак;деиярбсчыхи;юнм;RA4C
бнкэяй;XWWW;LO32PA, LO32QA;яюпюрнбяйюъ нак;деиярбсчыхи;лн;RA4C
цнпмши;UWSG;LO41HR, LO41HS;яюпюрнбяйюъ нак;медеиярбсчыхи;цю;RA4C
йнфхм;XWRK;LO41PD, LO41PE;яюпюрнбяйюъ нак;медеиярбсчыхи;лн;RA4C
йпюямши йср;UWSK;LO30LW, LO30LX;яюпюрнбяйюъ нак;деиярбсчыхи;цю;RA4C
нгхмйх;UWSO;LO41TC, LO41TD;яюпюрнбяйюъ нак;медеиярбсчыхи;лн;RA4C
осцювеб;UWSP;LO42JA;яюпюрнбяйюъ нак;деиярбсчыхи;лн;RA4C
прхыебн;XWPR;LO12UH, LO12UG;яюпюрнбяйюъ нак;деиярбсчыхи;лн;RA4C
яюпюрнб (дсайх);XWSD;LO31AP;яюпюрнбяйюъ нак;деиярбсчыхи;дняюют;RA4C
яюпюрнб (янйнк);XWSS;LO21VM, LO21VN, LO21WM, LO21WN;яюпюрнбяйюъ нак;деиярбсчыхи;лн;RA4C
яюпюрнб (жемрпюкэмши);UWSS;LO31AN;яюпюрнбяйюъ нак;деиярбсчыхи;цю;RA4C
яюпюрнб (чфмши);XWSR;LO21XL;яюпюрнбяйюъ нак;медеиярбсчыхи;лн;RA4C
рюрхыебн;XWPT;LO21SQ;яюпюрнбяйюъ нак;деиярбсчыхи;лн;RA4C
рспйх;XWPU;LO11PV, LO11PW;яюпюрнбяйюъ нак;медеиярбсчыхи;лн;RA4C
ьслеийю;UWSX;LO31DN;яюпюрнбяйюъ нак;деиярбсчыхи;юнм;RA4C
щмцекэя-2;XWSG;LO31CL, LO31BL, LO31DL, LO31CM;яюпюрнбяйюъ нак;деиярбсчыхи;лн;RA4C
оерпнбяй;XWPP;LO22QG, ;яюпюрнбяйюъ нак ;медеиярбсчыхи;лн;RA4C
юаши;UESY;QP28MJ, QP28NJ;яюую (ъйсрхъ);деиярбсчыхи;цю;RA0Q
юиуюк;UERA;OP55SW, OP55SX;яюую (ъйсрхъ);деиярбсчыхи;цю;RA0Q
юкдюм;UEEA;PO28QO,PO28RO;яюую (ъйсрхъ);деиярбсчыхи;цю;RA0Q
юкейн-йчекэ;UESX;QP58WQ, QP58WP;яюую (ъйсрхъ);медеиярбсчыхи;цю;RA0Q
юккюу-чмэ;UEQN;PP91AD;яюую (ъйсрхъ);медеиярбсчыхи;цю;RA0Q
юлцю;UEEW;PP60AV;яюую (ъйсрхъ);медеиярбсчыхи;цю;RA0Q
юмюаюп;UERB;OQ60SV, OQ60TV, OQ60TU;яюую (ъйсрхъ);деиярбсчыхи;цю;RA0Q
юмдпчьйхмн;UESA;QP79FE, QP79FD;яюую (ъйсрхъ);деиярбсчыхи;цю;RA0Q
юпцюурюу;UESH;QP68QK;яюую (ъйсрхъ);медеиярбсчыхи;цю;RA0Q
юпшйрюу;UEMR;PP23ON, PP23PN;яюую (ъйсрхъ);медеиярбсчыхи;цю;RA0Q
юпшкюу;UEWB;PP67JE;яюую (ъйсрхъ);деиярбсчыхи;цю;RA0Q
аюпшкюя;UEWY;PP65IV;яюую (ъйсрхъ);медеиярбсчыхи;цю;RA0Q
аюрюцюи;UEBB;PP77IP;яюую (ъйсрхъ);деиярбсчыхи;цю;RA0Q
аюрюцюи, жпа;UEBC;PP77HP;яюую (ъйсрхъ);деиярбсчыхи;цю;RA0Q
аекюъ цнпю;UESG;QP38CN, QP38DN;яюую (ъйсрхъ);деиярбсчыхи;цю;RA0Q
аекэйювх (кебше);UEEX;PO59WE;яюую (ъйсрхъ);деиярбсчыхи;цю;RA0Q
аепдхцеяръу;UEEH;PP32IC, PP32IB;яюую (ъйсрхъ);деиярбсчыхи;цю;RA0Q
аепегнбйю;UESC;QP87GC, QP87HC;яюую (ъйсрхъ);медеиярбсчыхи;цю;RA0Q
аепекъу (вйюкнб);UESJ;QQ20IM;яюую (ъйсрхъ);медеиярбсчыхи;цю;RA0Q
аерчмц;UEYB;PP13EQ;яюую (ъйсрхъ);медеиярбсчыхи;цю;RA0Q
анпнцнм;UEFN;PP69CM;яюую (ъйсрхъ);медеиярбсчыхи;цю;RA0Q
анпнцнмжш;UEEB;PP52OP;яюую (ъйсрхъ);деиярбсчыхи;цю;RA0Q
асксм;UESB;PQ30QQ;яюую (ъйсрхъ);медеиярбсчыхи;цю;RA0Q
аспнбюъ 179093;UECB;OO59KU;яюую (ъйсрхъ);деиярбсчыхи;цю;RA0Q
аспнбюъ 363/1;UECO;OO59AX;яюую (ъйсрхъ);деиярбсчыхи;цю;RA0Q
аспнбюъ 363/2;UECD;OO59BV;яюую (ъйсрхъ);медеиярбсчыхи;цю;RA0Q
ашъцмшп мшвюкюу;UESI;QP39CW;яюую (ъйсрхъ);медеиярбсчыхи;цю;RA0Q
аъяэ-йчекэ;UEOB;OO99PL, OO99PM;яюую (ъйсрхъ);деиярбсчыхи;цю;RA0Q
бепумебхкчияй;UENI;PP03DL, PP03CL, PP03CK, PP03DK;яюую (ъйсрхъ);деиярбсчыхи;цю;RA0Q
бепунъмяй;UEBW;PP67QN, PP67QM;яюую (ъйсрхъ);медеиярбсчыхи;цю;RA0Q
бхкчияй;UENW;PP03US;яюую (ъйсрхъ);деиярбсчыхи;цю;RA0Q
бхрхл;UERT;OO69GL, OO69GK;яюую (ъйсрхъ);деиярбсчыхи;цю;RA0Q
дюкшп;UEYD;PP03CV;яюую (ъйсрхъ);медеиярбсчыхи;цю;RA0Q
декэцеи;UEKO;OO99HV;яюую (ъйсрхъ);деиярбсчыхи;цю;RA0Q
деосрюряйхи;UEBD;PP99WJ, PP99XJ;яюую (ъйсрхъ);деиярбсчыхи;цю;RA0Q
дфюпцюкюу;UEWD;PP57GG;яюую (ъйсрхъ);деиярбсчыхи;цю;RA0Q
дфеаюпхйх-уюъ;UEQD;PP72WE;яюую (ъйсрхъ);деиярбсчыхи;цю;RA0Q
дскцюкюу;UEWU;PP67BF;яюую (ъйсрхъ);медеиярбсчыхи;цю;RA0Q
фелйнмжш;UEPN;PP13OL;яюую (ъйсрхъ);деиярбсчыхи;цю;RA0Q
фхцюмяй;UEVV;PP16QT, PP16QS;яюую (ъйсрхъ);деиярбсчыхи;цю;RA0Q
гшпъмйю;UESU;QP55KS, QP55KR;яюую (ъйсрхъ);деиярбсчыхи;цю;RA0Q
хкаемце;UENL;PP22ET;яюую (ъйсрхъ);медеиярбсчыхи;цю;RA0Q
йюгювэе;UESZ;PQ80BR, PQ80CR;яюую (ъйсрхъ);деиярбсчыхи;цю;RA0Q
йелоемдъи;UENQ;OP92HA;яюую (ъйсрхъ);медеиярбсчыхи;цю;RA0Q
йнаъи;UEEJ;PP33GN;яюую (ъйсрхъ);деиярбсчыхи;цю;RA0Q
йнкшляйне;UESM;QP98IR;яюую (ъйсрхъ);медеиярбсчыхи;цю;RA0Q
йсдс-йчщкэ;UEWO;PO09PL, PO09PK, PO09QL, PO09QK;яюую (ъйсрхъ);медеиярбсчыхи;цю;RA0Q
йскюп;UEBK;PQ70GO, PQ70FO;яюую (ъйсрхъ);деиярбсчыхи;цю;RA0Q
йснйси;UEMK;PP33HX;яюую (ъйсрхъ);деиярбсчыхи;цю;RA0Q
йсярсп;UEWK;PP58TE, PP58TD;яюую (ъйсрхъ);медеиярбсчыхи;цю;RA0Q
йшпцшдюи;UEON;PP14IL;яюую (ъйсрхъ);деиярбсчыхи;цю;RA0Q
йшпшйши;UEYK;PP14UE;яюую (ъйсрхъ);деиярбсчыхи;цю;RA0Q
йшяшк-яшп;UENK;PP13JV;яюую (ъйсрхъ);деиярбсчыхи;цю;RA0Q
йщащпцщмщ;UEMG;QP27GS;яюую (ъйсрхъ);деиярбсчыхи;цю;RA0Q
йчкеряйхи-1;UENT;PP04MM, PP04NM;яюую (ъйсрхъ);деиярбсчыхи;цю;RA0Q
йчкеряйхи-2;UEND;PP04LU, PP04LT;яюую (ъйсрхъ);деиярбсчыхи;цю;RA0Q
йчожш;UEQK;PP70PU;яюую (ъйсрхъ);деиярбсчыхи;цю;RA0Q
кюгн;UEBL;PP86FQ;яюую (ъйсрхъ);медеиярбсчыхи;цю;RA0Q
кемяй;UERL;OP70JR, OP70KR;яюую (ъйсрхъ);деиярбсчыхи;цю;RA0Q
люцюм;UEMM;PP42SC;яюую (ъйсрхъ);деиярбсчыхи;цю;RA0Q
люкшйюи;UEAN;OP83MM;яюую (ъйсрхъ);медеиярбсчыхи;цю;RA0Q
люкэфецюп;UEGN;OP83RO;яюую (ъйсрхъ);медеиярбсчыхи;цю;RA0Q
люярюу;UENH;PP23CR;яюую (ъйсрхъ);деиярбсчыхи;цю;RA0Q
лювю;UEOA;OO89SV, OO89TV;яюую (ъйсрхъ);деиярбсчыхи;цю;RA0Q
лхпмши;UERR;OP72AN, OP72AM;яюую (ъйсрхъ);деиярбсчыхи;цю;RA0Q
лнлю;UEMA;QP16OK, QP16OL, QP16PK, QP16PL;яюую (ъйсрхъ);деиярбсчыхи;цю;RA0Q
лсйсвх;UENU;PP13WV;яюую (ъйсрхъ);медеиярбсчыхи;цю;RA0Q
мюкедмюъ;UEBQ;PP85VU;яюую (ъйсрхъ);деиярбсчыхи;цю;RA0Q
мепчмцпх (вскэлюм);UELL;PO26LW, PO26LV, PO26KV;яюую (ъйсрхъ);деиярбсчыхи;цю;RA0Q
мхфмеъмяй;UEBN;PQ81CK, PQ81BK;яюую (ъйсрхъ);деиярбсчыхи;цю;RA0Q
мчпаю;UENN;OP93DH, OP93EH;яюую (ъйсрхъ);деиярбсчыхи;цю;RA0Q
нилъйнм;UEMJ;QP13NF, QP13OF;яюую (ъйсрхъ);деиярбсчыхи;цю;RA0Q
нисяюпдюу;UESD;OP78IG;яюую (ъйсрхъ);медеиярбсчыхи;цю;RA0Q
нкейлхмяй;UEMO;PP00FJ;яюую (ъйсрхъ);деиярбсчыхи;цю;RA0Q
нкемецнпяй;UESN;QP39RT, QP39ST;яюую (ъйсрхъ);деиярбсчыхи;цю;RA0Q
нкемей;UERO;OP68FM;яюую (ъйсрхъ);деиярбсчыхи;цю;RA0Q
нпцер;UENC;PP03KD;яюую (ъйсрхъ);медеиярбсчыхи;цю;RA0Q
нянурну;UEBO;PP79DD;яюую (ъйсрхъ);медеиярбсчыхи;цю;RA0Q
нярпнб фнунбю;UESV;QQ66KE;яюую (ъйсрхъ);медеиярбсчыхи;цю;RA0Q
оекедси;UERK;OO69JO, OO69JP;яюую (ъйсрхъ);деиярбсчыхи;цю;RA0Q
онйпнбяй;UEEP;PP41OM, PP41ON, PP41NM;яюую (ъйсрхъ);деиярбсчыхи;дняюют;RA0Q
онкъпмши;UERP;OP66AK, OP66AJ;яюую (ъйсрхъ);деиярбсчыхи;цю;RA0Q
опнлшькеммши;UEMP;PP34EE;яюую (ъйсрхъ);медеиярбсчыхи;цю;RA0Q
псяяйне сярэе (онкъпмне);UESP;QQ41PD;яюую (ъйсрхъ);деиярбсчыхи;цю;RA0Q
яюидш;UEBY;PP78FQ;яюую (ъйсрхъ);медеиярбсчыхи;цю;RA0Q
яюишкшй (яекемъу);UEBR;PP98EX;яюую (ъйсрхъ);медеиярбсчыхи;цю;RA0Q
яюййшпшп;UEBS;PP57ES, PP57ET, PP57FS;яюую (ъйсрхъ);деиярбсчыхи;цю;RA0Q
яюмцюп;UEMS;PP33QX, PP33RX, PP33RW;яюую (ъйсрхъ);деиярбсчыхи;цю;RA0Q
яюмшъурюу;UEEQ;PP20AN, PP20AO;яюую (ъйсрхъ);деиярбсчыхи;цю;RA0Q
яюпрюм;UEWS;PP66LN;яюую (ъйсрхъ);деиярбсчыхи;цю;RA0Q
яюяйшкюу;UERS;OQ71AW, OQ71BW;яюую (ъйсрхъ);деиярбсчыхи;цю;RA0Q
ябюрюи;UESW;QP58VA;яюую (ъйсрхъ);медеиярбсчыхи;цю;RA0Q
яеаъм-йчекэ;UEED;PP55AG;яюую (ъйсрхъ);медеиярбсчыхи;цю;RA0Q
яецъм-йчекэ;UEES;PP53DX, PP54DA;яюую (ъйсрхъ);деиярбсчыхи;цю;RA0Q
яхррю;UEMI;PP43AL;яюую (ъйсрхъ);медеиярбсчыхи;цю;RA0Q
янанкну;UEGT;QP16PG;яюую (ъйсрхъ);деиярбсчыхи;цю;RA0Q
янкмевмши;UEML;PP80SG;яюую (ъйсрхъ);деиярбсчыхи;цю;RA0Q
япедме-бхкчияй (уюлою);UEYP;PP13LR;яюую (ъйсрхъ);медеиярбсчыхи;цю;RA0Q
япедмейнкшляй;UESK;QP67UL, QP67VL;яюую (ъйсрхъ);деиярбсчыхи;цю;RA0Q
япедмхи йнпднм;UECK;OO69PS;яюую (ъйсрхъ);медеиярбсчыхи;цю;RA0Q
ясмрюп;UENS;OP82TE;яюую (ъйсрхъ);деиярбсчыхи;цю;RA0Q
яснпдюу;UEIB;PP56VP;яюую (ъйсрхъ);деиярбсчыхи;цю;RA0Q
яспцсксй;UEYU;OP94UI;яюую (ъйсрхъ);деиярбсчыхи;цю;RA0Q
яшюцюммюу;UEMN;QP18TI, QP18TJ;яюую (ъйсрхъ);медеиярбсчыхи;цю;RA0Q
яшкцш-шрюп;UESL;QP77KU;яюую (ъйсрхъ);медеиярбсчыхи;цю;RA0Q
ячкэдчйюп;UERM;OP63UF;яюую (ъйсрхъ);медеиярбсчыхи;цю;RA0Q
рюаюкюу;UEBH;PP87GN;яюую (ъйсрхъ);медеиярбсчыхи;цю;RA0Q
рюилшкшп;UETT;PQ02WO, PQ02WP;яюую (ъйсрхъ);медеиярбсчыхи;цю;RA0Q
ремйекх;UEBE;QQ00ID, QQ00IE;яюую (ъйсрхъ);медеиярбсчыхи;цю;RA0Q
рхйях;UEST;PQ41KR, PQ41KQ;яюую (ъйсрхъ);деиярбсчыхи;лн;RA0Q
рнййн;UEOT;OO99WX;яюую (ъйсрхъ);деиярбсчыхи;цю;RA0Q
рнкнм;UERD;OO59SL;яюую (ъйсрхъ);деиярбсчыхи;цю;RA0Q
рнпцн;UEMB;OO98RK, OO98SK;яюую (ъйсрхъ);медеиярбсчыхи;цю;RA0Q
рслюр;UESR;PQ90OR;яюую (ъйсрхъ);деиярбсчыхи;цю;RA0Q
рснасъ;UEHN;PP11AX;яюую (ъйсрхъ);деиярбсчыхи;цю;RA0Q
ршюию;UEME;PP23XQ;яюую (ъйсрхъ);деиярбсчыхи;цю;RA0Q
ршкцшмш;UEYY;PP04FI;яюую (ъйсрхъ);деиярбсчыхи;цю;RA0Q
ръмъ;UEOQ;OO99VB;яюую (ъйсрхъ);деиярбсчыхи;цю;RA0Q
сдювмши ял. онкъпмши;UERP;OP66AJ, OP66AK;яюую (ъйсрхъ);деиярбсчыхи;цю;RA0Q
спхжйне;UEOU;PP10EN, PP10FN;яюую (ъйсрхъ);медеиярбсчыхи;цю;RA0Q
сярэ-йсицю;UEBT;PQ70TA, PQ70UA;яюую (ъйсрхъ);деиярбсчыхи;цю;RA0Q
сярэ-люъ;UEMU;PP70FI;яюую (ъйсрхъ);деиярбсчыхи;цю;RA0Q
сярэ-лхкэ;UEQM;PO69NP;яюую (ъйсрхъ);деиярбсчыхи;цю;RA0Q
сярэ-мепю;UEMT;QP14NN;яюую (ъйсрхъ);деиярбсчыхи;цю;RA0Q
уюишп;UEBG;PQ60RT, PQ60ST;яюую (ъйсрхъ);деиярбсчыхи;цю;RA0Q
уюкаюржш;UEYH;PP03TV;яюую (ъйсрхъ);деиярбсчыхи;цю;RA0Q
уюмдшцю (реокши йкчв);UEMH;PP82KS, PP82KT;яюую (ъйсрхъ);деиярбсчыхи;цю;RA0Q
уюпю-скюу;UESE;PQ50JU;яюую (ъйсрхъ);медеиярбсчыхи;цю;RA0Q
уюрш;UEWN;OP83IP;яюую (ъйсрхъ);деиярбсчыхи;цю;RA0Q
уюршмцмюу;UEMC;QP67GL;яюую (ъйсрхъ);медеиярбсчыхи;цю;RA0Q
унпскю;UEDN;OP93HX;яюую (ъйсрхъ);медеиярбсчыхи;цю;RA0Q
вюцдю;UEMD;PP23SI;яюую (ъйсрхъ);медеиярбсчыхи;цю;RA0Q
вюцдю (сВСП);UEEG;PO58HS;яюую (ъйсрхъ);деиярбсчыхи;цю;RA0Q
вюоюебн;UENO;OP80ND;яюую (ъйсрхъ);медеиярбсчыхи;цю;RA0Q
вепмшьебяйхи;UERW;OP63FA;яюую (ъйсрхъ);медеиярбсчыхи;цю;RA0Q
вепяйхи;UESS;RP08PR, RP08QR;яюую (ъйсрхъ);деиярбсчыхи;цю;RA0Q
вепчлве;UEBX;PP78LF;яюую (ъйсрхъ);медеиярбсчыхи;цю;RA0Q
внйспдюу;UESO;QQ30WO, QQ30WP, QQ30XO, QQ30XP;яюую (ъйсрхъ);деиярбсчыхи;цю;RA0Q
всйюп;UEVN;OP93AR;яюую (ъйсрхъ);медеиярбсчыхи;цю;RA0Q
вскэлюм (мепчмцпх);UELD;PO26KV;яюую (ъйсрхъ);деиярбсчыхи;цю;RA0Q
вслос-йшршк (рчаекъу);UEAT;QP15NI, QP15OI;яюую (ъйсрхъ);деиярбсчыхи;цю;RA0Q
вспюовю;UEER;PP61FX;яюую (ъйсрхъ);медеиярбсчыхи;цю;RA0Q
шршй-йчекэ;UEQY;PP62SJ;яюую (ъйсрхъ);деиярбсчыхи;цю;RA0Q
щаъу;UESQ;QP58IJ;яюую (ъйсрхъ);медеиярбсчыхи;цю;RA0Q
щфюмжш;UEQC;PP70NL;яюую (ъйсрхъ);деиярбсчыхи;цю;RA0Q
щий;UERE;OP86QA;яюую (ъйсрхъ);деиярбсчыхи;цю;RA0Q
щкэцъи;UENщ;OP82SL;яюую (ъйсрхъ);деиярбсчыхи;цю;RA0Q
щкэдхйюм;UEQL;PP70NR, PP70NS;яюую (ъйсрхъ);деиярбсчыхи;цю;RA0Q
щмцнкэфю;UEZN;OP93DQ, OP93DP;яюую (ъйсрхъ);медеиярбсчыхи;цю;RA0Q
чцюпемнй;UEEK;PO89US;яюую (ъйсрхъ);медеиярбсчыхи;цю;RA0Q
чйюцхп;UESF;PQ91WS;яюую (ъйсрхъ);медеиярбсчыхи;цю;RA0Q
чпчмц-уюъ;UERG;OQ62OT, OQ62PT;яюую (ъйсрхъ);медеиярбсчыхи;цю;RA0Q
ъйсряй;UEEE;PP42VC, PP42VB, PP42UB, PP42UC;яюую (ъйсрхъ);деиярбсчыхи;цю;RA0Q
ъпнякюбяйхи;UERI;OP60XE, OP60XD;яюую (ъйсрхъ);медеиярбсчыхи;цю;RA0Q
юкейяюмдпнбяй-яюуюкхмяйхи;UHSA;QO10CV, QO10CU;яюуюкхмяйюъ нак;деиярбсчыхи;цю;RA0F
аспебеярмхй;UHSB;QN34TW, QN34TV;яюуюкхмяйюъ нак;деиярбсчыхи;лн;RA0F
днкхмяй (янйнк);XHSO;QN17JF, QN17JG;яюуюкхмяйюъ нак;медеиярбсчыхи;лн;RA0F
гнмюкэмне;UHSO;QO10JP,QO10JQ;яюуюкхмяйюъ нак;деиярбсчыхи;цю;RA0F
хрспсо;UHSI;QN35XG;яюуюкхмяйюъ нак;деиярбсчыхи;цю;RA0F
кенмхднбн;XHSL;QN19LG, QN19KG;яюуюкхмяйюъ нак;медеиярбсчыхи;лн;RA0F
мнцкхйх;UHSN;QO11NT, QO11NS;яюуюкхмяйюъ нак;деиярбсчыхи;цю;RA0F
ную (мнбнярпнийю);UHSH;QO13KM;яюуюкхмяйюъ нак;деиярбсчыхи;цю;RA0F
онпнмюияй;UHSP;QN19NF;яюуюкхмяйюъ нак;медеиярбсчыхи;цю;RA0F
ялхпмшу;XHSH;QN19KR, QN19KS;яюуюкхмяйюъ нак;медеиярбсчыхи;лн;RA0F
ярюпнпсяяйне;XHSR;QN17JD;яюуюкхмяйюъ нак;деиярбсчыхи;дняюют;RA0F
ьюурепяй;UHSK;QN19AE, QN19BE;яюуюкхмяйюъ нак;деиярбсчыхи;цю;RA0F
чфмн-йспхкэяй (лемдекеебн);UHSM;QN23UW, QN23UX;яюуюкхмяйюъ нак;деиярбсчыхи;цю;RA0F
чфмн-яюуюкхмяй (янйнк);XHSA;QN17JG, QN17JF;яюуюкхмяйюъ нак;медеиярбсчыхи;лн;RA0F
чфмн-яюуюкхмяй (унлсрнбн);UHSS;QN16IV, QN16IU;яюуюкхмяйюъ нак;деиярбсчыхи;цю;RA0F
юкюоюебяй;USSQ;MO07UU, MO07VU;ябепдкнбяйюъ нак;деиярбсчыхи;цю;RA9C
юпрелнбяйхи;USSA;MO07WI, MO07WJ;ябепдкнбяйюъ нак;медеиярбсчыхи;цю;RA9C
аюийюкнбн;USSB;MO17UJ;ябепдкнбяйюъ нак;деиярбсчыхи;цю;RA9C
бепумъъ ошьлю (хлемх йсгмежнбю);XSSP;MO07HC;ябепдкнбяйюъ нак;деиярбсчыхи;юнм;RA9C
цпюмэ;USSG;MO07BR;ябепдкнбяйюъ нак;деиярбсчыхи;юнм;RA9C
ейюрепхмаспц (юпюлхкэ);USSK;MO06JQ;ябепдкнбяйюъ нак;деиярбсчыхи;цю;RA9C
ейюрепхмаспц (йнкэжнбн);USSS;MO06JR, MO06JS, MO06KR;ябепдкнбяйюъ нак;деиярбсчыхи;цю;RA9C
ейюрепхмаспц (кнцхмнбн);XSSL;MO06QP;ябепдкнбяйюъ нак;деиярбсчыхи;дняюют;RA9C
хбдекэ;USSI;MP00ER;ябепдкнбяйюъ нак;медеиярбсчыхи;цю;RA9C
йюлемяй-спюкэяйхи (рпюбъмш);XSSU;MO06XK, MO16AK;ябепдкнбяйюъ нак;деиярбсчыхи;лн;RA9C
йпюямнрспэхмяй;USSD;MO09DS;ябепдкнбяйюъ нак;деиярбсчыхи;цю;RA9C
йпюямнстхляй;USSF;LO86VQ;ябепдкнбяйюъ нак;медеиярбсчыхи;юнм;RA9C
мхфмхи рюцхк (ашмэцх);XSST;MO07CN;ябепдкнбяйюъ нак;деиярбсчыхи;дняюют;RA9C
мхфмхи рюцхк (хбю);XSSI;MO08EA;ябепдкнбяйюъ нак;деиярбсчыхи;лн;RA9C
мхфмхи рюцхк (яюкйю);XSSN;MO07CX, MO07DX;ябепдкнбяйюъ нак;деиярбсчыхи;щю;RA9C
яебепнспюкэяй;USSE;MP00AH, MP00BH;ябепдкнбяйюъ нак;медеиярбсчыхи;цю;RA9C
яепнб;USSM;MO09GN;ябепдкнбяйюъ нак;деиярбсчыхи;цю;RA9C
яняэбю;USSX;MO09VE;ябепдкнбяйюъ нак;деиярбсчыхи;юнм;RA9C
рюанпш;USTW;MO28GM;ябепдкнбяйюъ нак;деиярбсчыхи;цю;RA9C
рюбдю;USSW;MO28OC;ябепдкнбяйюъ нак;медеиярбсчыхи;цю;RA9C
рспхмяй;USST;MO18UA, MO18UB;ябепдкнбяйюъ нак;медеиярбсчыхи;цю;RA9C
хмйеплюм;HPIN;KN64TO;яебюярнонкэ;деиярбсчыхи;юнм;RA7R
яебюярнонкэ (юмдпеебйю);HPAN;KN64ST;яебюярнонкэ;деиярбсчыхи;юнм;RA7R
яебюярнонкэ (аекэаей);URFB;KN64SQ, KN64TQ;яебюярнонкэ;деиярбсчыхи;цю;RA7R
яебюярнонкэ (асурю йпсцкюъ-б);UKFS;KN64RO, KN64SO;яебюярнонкэ;деиярбсчыхи;лн;RA7R
яебюярнонкэ (асурю оеянвмюъ);XKFN;KN64RO;яебюярнонкэ;деиярбсчыхи;лн;RA7R
яебюярнонкэ (йювю);XKFA;KN64SS, KN64ST, KN64TS;яебюярнонкэ;деиярбсчыхи;лн;RA7R
яебюярнонкэ (уепянмея);UKFH;KN64QO, KN64QN;яебюярнонкэ;медеиярбсчыхи;лн;RA7R
яебюярнонкэ (чфмши);UKFU;KN64RN;яебюярнонкэ;деиярбсчыхи;лн;RA7R
яебюярнонкэ (чуюпхмю аюкйю);UKFP;KN64RN;яебюярнонкэ;деиярбсчыхи;дняюют;RA7R
янкмевмши;HPSO;KN64TS;яебюярнонкэ;деиярбсчыхи;юнм;RA7R
бкюдхйюбйюг (аеякюм);URMO;LN23HF, LN23HE;яебепмюъ няерхъ;деиярбсчыхи;цю;RA6J
бкюдхйюбйюг (цхгекэ) пнярн;XRMD;LN23GB, LN23HB;яебепмюъ няерхъ;деиярбсчыхи;дняюют;RA6J
лнгднй;XRMF;LN23HS, LN23GS;яебепмюъ няерхъ;деиярбсчыхи;лн;RA6J
ьюрюкнбн;XUBV;KO64FI, KO64FH;ялнкемяйюъ;деиярбсчыхи;лн;RA2,3,5L
бъгэлю (дбнебйю);XUMR;KO75ED;ялнкемяйюъ нак;деиярбсчыхи;лн;RA2,3,5L
лепкхмн;UUBJ;KO54SN, KO54SO;ялнкемяйюъ нак;деиярбсчыхи;юнм;RA2,3,5L
ялнкемяй (яебепмши);XUBS;KO64AT;ялнкемяйюъ нак;деиярбсчыхи;щю;RA2,3,5L
ялнкемяй (чфмши)(рхубхмйю);UUBS;KO64AR;ялнкемяйюъ нак;деиярбсчыхи;дняюют;RA2,3,5L
укюлнбн;XUBH;KO54VM, KO54VN;ялнкемяйюъ нак;деиярбсчыхи;дняюют;RA2,3,5L
асдеммнбяй;XRMB;LN24AT, LN24AU, LN14XU;ярюбпнонкэяйхи йпюи;деиярбсчыхи;лн;RA6H
цпювебйю;URMX;LN15FE;ярюбпнонкэяйхи йпюи;деиярбсчыхи;юнм;RA6H
еяяемрсйх;URME;LN14JB;ярюбпнонкэяйхи йпюи;деиярбсчыхи;дняюют;RA6H
йхякнбндяй;URMK;LN13HW;ярюбпнонкэяйхи йпюи;деиярбсчыхи;юнм;RA6H
йнвсаеебяйне;XRSK;LN04UQ, LN04VQ;ярюбпнонкэяйхи йпюи;деиярбсчыхи;тяа;RA6H
лхмепюкэмше бндш;URMM;LN14MF, LN14NF;ярюбпнонкэяйхи йпюи;деиярбсчыхи;цю;RA6H
нрйюгмне;URMZ;LN14XH;ярюбпнонкэяйхи йпюи;медеиярбсчыхи;цю;RA6H
оърхцнпяй;URMP;LN14MB;ярюбпнонкэяйхи йпюи;медеиярбсчыхи;цю;RA6H
яберкнцпюд (акюцндюрмне);XRMS;LN15HK, LN15IK;ярюбпнонкэяйхи йпюи;медеиярбсчыхи;лн;RA6H
ярюбпнонкэ (усрнпяйюъ);XRMG;LN05WA;ярюбпнонкэяйхи йпюи;деиярбсчыхи;дняюют;RA6H
ярюбпнонкэ (ьоюйнбяйне);URMT;LN15BC;ярюбпнонкэяйхи йпюи;деиярбсчыхи;цю;RA6H
ункндмнцнпяйхи;XRMH;LN14BX;ярюбпнонкэяйхи йпюи;деиярбсчыхи;дняюют;RA6H
лхвспхмяй;XUWM;LO02EW, LO02EV;рюланбяйюъ нак;деиярбсчыхи;лн;RA2,3,5R
лнпьюмяй;XUWO;LO03UK, LO03VK;рюланбяйюъ нак;медеиярбсчыхи;лн;RA2,3,5R
мнбнцнпнднбйю;XUWN;LO12BP, LO12CP;рюланбяйюъ нак;медеиярбсчыхи;лн;RA2,3,5R
рюланб;XUOM;LO02QQ, LO02QR;рюланбяйюъ нак;деиярбсчыхи;лн;RA2,3,5R
рюланб (цнпекне);XUON;LO02RW, LO02RX;рюланбяйюъ нак;деиярбсчыхи;MO;RA2,3,5R
рюланб (днмяйне);UUOT;LO02RT;рюланбяйюъ нак;деиярбсчыхи;цю;RA2,3,5R
югмюйюебн;ZCG7;LO64MV, LO64NV, LO64NU;рюрюпярюм;деиярбсчыхи;дняюют;RA4P
юйрюмшь;UWUZ;LO75AQ;рюрюпярюм;медеиярбсчыхи;цю;RA4P
юкэлерэебяй (онилю);UWTP;LO64CW;рюрюпярюм;деиярбсчыхи;юнм;RA4P
аюкрюях;UWKF;LO56CI;рюрюпярюм;деиярбсчыхи;дняюют;RA4P
асцскэлю;UWKB;LO64JP;рюрюпярюм;деиярбсчыхи;цю;RA4P
екюасцю;UWKL;LO65BS, LO65BT;рюрюпярюм;медеиярбсчыхи;юнм;RA4P
йюгюмэ;UWKD;LO45PO, LO45OO;рюрюпярюм;деиярбсчыхи;цю;RA4P
йюгюмэ (юркюя);UWTA;LO46SA;рюрюпярюм;деиярбсчыхи;цю;RA4P
йюгюмэ (анпхянцкеаяйне);UWKG;LO45NU, LO45NV;рюрюпярюм;деиярбсчыхи;щю;RA4P
йюгюмэ (бхьмебйю);UWTW;LO45PS;рюрюпярюм;деиярбсчыхи;юнм;RA4P
йюгюмэ (хоондпнл);UWKK;LO45OS, LO45OT;рюрюпярюм;деиярбсчыхи;цю;RA4P
йюгюмэ (йспйювх);XWKR;LO45SX, LO45TX;рюрюпярюм;деиярбсчыхи;дняюют;RA4P
йюгюмэ (чдхмн);UWKW;LO45MU;рюрюпярюм;деиярбсчыхи;щю;RA4P
йспюкнбн;UWKQ;LO45JP;рюрюпярюм;деиярбсчыхи;цю;RA4P
лемгекхмяй;UWKP;LO65MR;рюрюпярюм;деиярбсчыхи;цю;RA4P
мхфмейюляй (аецхьебн);UWKE;LO65BN, LO65AN;рюрюпярюм;деиярбсчыхи;цю;RA4P
мспкюр;UWWL;LO54JK;рюрюпярюм;медеиярбсчыхи;цю;RA4P
нйръапэяйхи;UWUK;LO64QK;рюрюпярюм;деиярбсчыхи;цю;RA4P
яюплюмнбн;UWKR;LO65GG, LO65HG;рюрюпярюм;деиярбсчыхи;цю;RA4P
яоюяяйне;UWKX;LO64KK, LO64LK;рюрюпярюм;деиярбсчыхи;юнм;RA4P
вхярнонкэ;UWKI;LO55HH;рюрюпярюм;медеиярбсчыхи;цю;RA4P
юмдпеюонкэ;XUEA;KO66DP;рбепяйюъ нак;медеиярбсчыхи;лн;RA2,3,5I
бшонкгнбн;XLLD;KO67TU, KO67UU;рбепяйюъ нак;медеиярбсчыхи;лн;RA2,3,5I
днпнунбн;XUED;KO87HR, KO87IR;рбепяйюъ нак;медеиярбсчыхи;лн;RA2,3,5I
гюкеяэе;UUEX;KO76NS;рбепяйюъ нак;деиярбсчыхи;цю;RA2,3,5I
йюкъгхм;UUTK;KO87WF;рбепяйюъ нак;деиярбсчыхи;юнм;RA2,3,5I
йеянбю цнпю;UUMK;KO87PN;рбепяйюъ нак;медеиярбсчыхи;цю;RA2,3,5I
йхбепхвх (гюоюд);UUEC;KO87GI;рбепяйюъ нак;деиярбсчыхи;юнм;RA2,3,5I
йхлпш (анпйх);UUEI;KO86PT, KO86QT;рбепяйюъ нак;деиярбсчыхи;лн;RA2,3,5I
йхпхккнбйю;UUTA;KO76XO;рбепяйюъ нак;деиярбсчыхи;юнм;RA2,3,5I
йнмюйнбн;UUEL;KO86KP;рбепяйюъ нак;деиярбсчыхи;юнм;RA2,3,5I
йпюохбмъ;XUEO;KO67QB;рбепяйюъ нак;медеиярбсчыхи;дняюют;RA2,3,5I
нпкнбйю;UUTO;KO76LD;рбепяйюъ нак;деиярбсчыхи;юнм;RA2,3,5I
пфеб;XUER;KO76FG, KO76EG, KO76EF;рбепяйюъ нак;деиярбсчыхи;лн;RA2,3,5I
пфеб (йнлопеяянпмюъ);UUAK;KO76CG;рбепяйюъ нак;деиярбсчыхи;цю;RA2,3,5I
ябепдкнбйю;UUTQ;KO86HP;рбепяйюъ нак;деиярбсчыхи;юнм;RA2,3,5I
ярюпхжю;UUTS;KO76LM;рбепяйюъ нак;деиярбсчыхи;юнм;RA2,3,5I
ясуньхмш;UUES;KO66PT;рбепяйюъ нак;медеиярбсчыхи;цю;RA2,3,5I
рбепэ (глеебн);UUBN;KO76XW, KO76XV;рбепяйюъ нак;деиярбсчыхи;дняюют;RA2,3,5I
рбепэ (лхцюкнбн);UUEM;KO76UT, KO76VT, KO76UU, KO76VU;рбепяйюъ нак;деиярбсчыхи;лн;RA2,3,5I
рнпфнй;XUET;KO77LA, KO77LB, KO77MA, KO77MB;рбепяйюъ нак;деиярбсчыхи;лн;RA2,3,5I
рнпфнй (йнлопеяянпмюъ);UUAN;KO77MA;рбепяйюъ нак;деиярбсчыхи;цю;RA2,3,5I
унрхкнбн (мнбши);XUEH;KO77AP, KO77BP, KO77BQ;рбепяйюъ нак;деиярбсчыхи;лн;RA2,3,5I
чпэебяйне (бнкфюмйю);UUEY;KO86DS;рбепяйюъ нак;деиярбсчыхи;юнм;RA2,3,5I
292И ЙЛ лмо;UNSD;MO98WH;рнляйюъ нак;деиярбсчыхи;цю;RA9H
301 ьхмцхмяйюъ;UNSI;MO98FH;рнляйюъ нак;деиярбсчыхи;цю;RA9H
юкейяюмдпнбяйне;UNSA;MP80WK;рнляйюъ нак;деиярбсчыхи;цю;RA9H
аюйвюп;UNTB;NO17AA;рнляйюъ нак;деиярбсчыхи;цю;RA9H
аекши ъп;UNLQ;NO28KK;рнляйюъ нак;медеиярбсчыхи;цю;RA9H
дпсфмши;UNLA;NO38BS;рнляйюъ нак;медеиярбсчыхи;цю;RA9H
гюбэъкнбн;UNSZ;NO09EE;рнляйюъ нак;деиярбсчыхи;цю;RA9H
йюпцюянй;UNLK;NO09JB, NO09KB;рнляйюъ нак;деиярбсчыхи;цю;RA9H
йюрюицю;UNIZ;NO38XR;рнляйюъ нак;медеиярбсчыхи;цю;RA9H
йхебяйхи ецюм;UNLB;NO09ES;рнляйюъ нак;деиярбсчыхи;цю;RA9H
йнкоюьебн;UNLL;NO18LH, NO18LI;рнляйюъ нак;деиярбсчыхи;цю;RA9H
йпюохбхмяйюъ (опнлгнмю);UNSO;MO78TB;рнляйюъ нак;деиярбсчыхи;цю;RA9H
йспфхмн;UNLG;NO18GV;рнляйюъ нак;медеиярбсчыхи;цю;RA9H
йспнкхмн;UNLD;NO28FR;рнляйюъ нак;деиярбсчыхи;цю;RA9H
люйгшп;UNLZ;NO28TP;рнляйюъ нак;медеиярбсчыхи;цю;RA9H
лнкндефмши;UNLI;NO09UW;рнляйюъ нак;медеиярбсчыхи;цю;RA9H
лнквюмнбн;UNLO;NO17VN;рнляйюъ нак;медеиярбсчыхи;цю;RA9H
лнквюмнбн (моя);UNLC;NO17UN;рнляйюъ нак;деиярбсчыхи;цю;RA9H
лшкэдфхмн;UNLN;MO98FX;рнляйюъ нак;медеиярбсчыхи;?;RA9H
мюпшл;UNLJ;NO08TW;рнляйюъ нак;;;RA9H
мецнрйю;UNLR;NO09HS, NO09HR;рнляйюъ нак;медеиярбсчыхи;цю;RA9H
мнбхйнбн;UNSN;NO08HF;рнляйюъ нак;деиярбсчыхи;цю;RA9H
мнбши бюячцюм;UNLW;MO88FO, MO88GO;рнляйюъ нак;деиярбсчыхи;цю;RA9H
нпкнбйю;UNTO;NO26HT;рнляйюъ нак;деиярбсчыхи;цю;RA9H
оюпюаекэ;UNLP;NO08RQ, NO08RR;рнляйюъ нак;медеиярбсчыхи;цю;RA9H
оюьмъ;UNSC;NO08LX;рнляйюъ нак;деиярбсчыхи;цю;RA9H
оеяйх (гюцпсгнвмюъ);UNTZ;NO18KH;рнляйюъ нак;медеиярбсчыхи;цю;RA9H
охнмепмши;UNSP;MO89DD;рнляйюъ нак;деиярбсчыхи;цю;RA9H
п-11 йюгюмяйюъ;UNCR;MO97QG;рнляйюъ нак;деиярбсчыхи;цю;RA9H
япедмхи бюячцюм;UNLM;MO99CF;рнляйюъ нак;деиярбсчыхи;цю;RA9H
яреоюмнбйю;UNLS;NO38IP;рнляйюъ нак;деиярбсчыхи;цю;RA9H
ярпефебни;UNSS;MP80UQ, MP80TQ, MP80TR;рнляйюъ нак;деиярбсчыхи;цю;RA9H
рнляй (анцюьебн);UNTT;NO26OI, NO26OJ;рнляйюъ нак;деиярбсчыхи;цю;RA9H
рнляй (цнкнбхмн);XNNG;NO26II, NO26JI;рнляйюъ нак;деиярбсчыхи;лн;RA9H
сярэ-вхфюойю;UNLF;MO99TA;рнляйюъ нак;медеиярбсчыхи;цю;RA9H
чфмн-вепельюмяйюъ;UNLX;MO88KV;рнляйюъ нак;деиярбсчыхи;цю;RA9H
оюунлнбн;UUDP;KO84SO, KO84SP, KO84TP;рскэяйюъ нак;деиярбсчыхи;юнм;RA2,3,5P
етпелнб;XUWE;KO93CC, KO93CD, KO93DC, KO93DD;рскэяйюъ нак;медеиярбсчыхи;лн;RA2,3,5P
рскю (бнкшмжебн);XUBO;KO84WH;рскэяйюъ нак;медеиярбсчыхи;лн;RA2,3,5P
рскю (йкнйнбн);UUBT;KO84TF;рскэяйюъ нак;деиярбсчыхи;лн;RA2,3,5P
рскю (лъямнбн);XUBM;KO84SF;рскэяйюъ нак;деиярбсчыхи;лн;RA2,3,5P
йсмцспрсц;UNYK;NO80SO;ршбю;деиярбсчыхи;цю;RA0Y
йшгшк;UNKY;NO71EP, NO71EQ, NO71FQ;ршбю;деиярбсчыхи;цю;RA0Y
йшгшк-люфюкшй;UNKD;NO51GD, NO51HD;ршбю;деиярбсчыхи;цю;RA0Y
лсцсп-юйяш;UNAG;NO50EJ;ршбю;медеиярбсчыхи;цю;RA0Y
яюпшц-яео;UNYE;NO71SL, NO71TL;ршбю;деиярбсчыхи;цю;RA0Y
яебепмши юпфюм;UNYS;NO91AL, NO91AM;ршбю;деиярбсчыхи;цю;RA0Y
рннпю-уел (рндфю);UNYT;NO82BM, NO82BN;ршбю;деиярбсчыхи;цю;RA0Y
уюляюпю;UNYA;NO82RS;ршбю;деиярбсчыхи;цю;RA0Y
унбс-юйяш;UNYH;NO61UD;ршбю;деиярбсчыхи;цю;RA0Y
шпаюм;UNYY;NO72UR, NO72VR;ршбю;медеиярбсчыхи;цю;RA0Y
щпгхм;UNYR;NO70NF, NO70OF;ршбю;медеиярбсчыхи;цю;RA0Y
чфмши юпфюм;UNYX;NO90CJ;ршбю;медеиярбсчыхи;цю;RA0Y
хлхь;USTM;MO46QD;рчлемяйюъ нак;деиярбсчыхи;цю;RA9L
мхфмъъ рюбдю;USTN;MO37BP;рчлемяйюъ нак;деиярбсчыхи;цю;RA9L
рнанкэяй;USTO;MO48CD;рчлемяйюъ нак;деиярбсчыхи;цю;RA9L
рчлемэ (океуюмнбн);USTL;MO27RD;рчлемяйюъ нак;деиярбсчыхи;цю;RA9L
рчлемэ (пныхмн);USTR;MO27PE, MO27QE, MO27PD;рчлемяйюъ нак;деиярбсчыхи;цю;RA9L
рчлемэ (ъксрнпнбяй);XNTL;MO36CP, MO36CQ, MO36DP, MO36DQ;рчлемяйюъ нак;деиярбсчыхи;дняюют;RA9L
сбюр;USTA;MO49KD, MO49LD;рчлемяйюъ нак;деиярбсчыхи;дняюют;RA9L
хфебяй;USII;LO66RT, LO66RU;сдлспрхъ;деиярбсчыхи;цю;RA4W
охпнцнбн;XSPI;LO66OS;сдлспрхъ;деиярбсчыхи;дняюют;RA4W
аюгюпмши яшгцюм;XWPB;LO33JR;скэъмнбяйюъ нак;медеиярбсчыхи;лн;RA4L
аейернбйю;UWLB;LO34LB;скэъмнбяйюъ нак;медеиярбсчыхи;цю;RA4L
мнбняекйх;UWLN;LO43UV;скэъмнбяйюъ нак;деиярбсчыхи;цю;RA4L
пеоэебйю;XWWR;LO43BE;скэъмнбяйюъ нак;медеиярбсчыхи;лн;RA4L
янкдюряйюъ рюькю;UWLS;LO44DA;скэъмнбяйюъ нак;деиярбсчыхи;цю;RA4L
скэъмнбяй (аюпюрюебйю);UWLL;LO44CG;скэъмнбяйюъ нак;деиярбсчыхи;цю;RA4L
скэъмнбяй (аекши йкчв);XWWN;LO44DE;скэъмнбяйюъ нак;деиярбсчыхи;дняюют;RA4L
скэъмнбяй (бнярнвмши);UWLW;LO44JJ, LO44JK;скэъмнбяйюъ нак;деиярбсчыхи;цю;RA4L
юпйю;UHOA;QP10DC;уюаюпнбяйхи йпюи;медеиярбсчыхи;цю;RA0C
юъм (лсмсй);UHNA;PO96AK;уюаюпнбяйхи йпюи;деиярбсчыхи;цю;RA0C
анцнпндяйне;UHNB;QO02FI, QO02FJ;уюаюпнбяйхи йпюи;деиярбсчыхи;цю;RA0C
апхюйюм;UHHE;PO72WH;уюаюпнбяйхи йпюи;деиярбсчыхи;цю;RA0C
цюпнбйю-2;XHHG;PN78OJ;уюаюпнбяйхи йпюи;деиярбсчыхи;лн;RA0C
деяърши свюярнй (йюкхмйю);XHHS;PN78RK, PN78QK, PN78QJ, PN78RJ;уюаюпнбяйхи йпюи;деиярбсчыхи;юнм;RA0C
хлемх онкхмш няхоемйн;UHHP;PO82FK;уюаюпнбяйхи йпюи;деиярбсчыхи;цю;RA0C
йнлянлнкэяй-мю-юлспе (дгелцх);UHKD;PO80MO, PO80NO;уюаюпнбяйхи йпюи;деиярбсчыхи;щю;RA0C
йнлянлнкэяй-мю-юлспе (успаю);UHKK;PO80LK, PO80LJ;уюаюпнбяйхи йпюи;деиярбсчыхи;цю;RA0C
йсйюм;UHHW;PN69RF;уюаюпнбяйхи йпюи;деиярбсчыхи;цю;RA0C
кхрнбйн;XHXL;PN79NF;уюаюпнбяйхи йпюи;медеиярбсчыхи;цю;RA0C
люпххмяйне;UHNM;QO01CR;уюаюпнбяйхи йпюи;деиярбсчыхи;цю;RA0C
люп-йчщкэ;UHNK;PO67GK, PO67GL;уюаюпнбяйхи йпюи;деиярбсчыхи;цю;RA0C
лнмцнурн (йюлеммши псвеи);UHKG;QN09BF, QN09CF, QN09CG;уюаюпнбяйхи йпюи;деиярбсчыхи;лн;RA0C
мекэйюм;UHNX;PO87BP, PO87CP;уюаюпнбяйхи йпюи;деиярбсчыхи;цю;RA0C
мхфмерюланбяйне;UHKN;PO90CW;уюаюпнбяйхи йпюи;деиярбсчыхи;цю;RA0C
мхйнкюебяй-мю-юлспе;UHNN;QO03HD, QO03ID;уюаюпнбяйхи йпюи;деиярбсчыхи;цю;RA0C
мнбнйспнбйю;UHHN;PN78DT;уюаюпнбяйхи йпюи;медеиярбсчыхи;цю;RA0C
нунряй;UHOO;QO19MJ, QO19MK;уюаюпнбяйхи йпюи;деиярбсчыхи;цю;RA0C
оепеъякюбйю;XHHP;PN78NA, PN77NX, PN77MX;уюаюпнбяйхи йпюи;медеиярбсчыхи;лн;RA0C
онаедю (лсцдсяю);UHHJ;PN79DB;уюаюпнбяйхи йпюи;деиярбсчыхи;цю;RA0C
янберяйюъ цюбюмэ (люи-цюрйю);UHKM;QN08AW;уюаюпнбяйхи йпюи;деиярбсчыхи;цю;RA0C
янберяйюъ цюбюмэ (онярнбюъ);XHKP;QN09CA;уюаюпнбяйхи йпюи;медеиярбсчыхи;лн;RA0C
рпнхжйне;UHHO;PN89GK;уюаюпнбяйхи йпюи;деиярбсчыхи;цю;RA0C
рсцсп;UHNT;PO83JS, PO83KS;уюаюпнбяйхи йпюи;деиярбсчыхи;цю;RA0C
рсйвх;UHOI;PO97RI, PO97SI;уюаюпнбяйхи йпюи;деиярбсчыхи;цю;RA0C
уюаюпнбяй (дхмюлн);XHHD;PN78NK;уюаюпнбяйхи йпюи;деиярбсчыхи;дняюют;RA0C
уюаюпнбяй (люкши);UHHT;PN78NM;уюаюпнбяйхи йпюи;деиярбсчыхи;цю;RA0C
уюаюпнбяй (мнбши);UHHH;PN78NM, PN78OM, PN78ON;уюаюпнбяйхи йпюи;деиярбсчыхи;цю;RA0C
уюаюпнбяй (жемрпюкэмши);XHHA;PN78NL, PN78NK;уюаюпнбяйхи йпюи;деиярбсчыхи;лвя;RA0C
уепосвх;UHNH;PO92JX, PO92KX;уюаюпнбяйхи йпюи;деиярбсчыхи;цю;RA0C
жхллеплюмнбйю;UHNO;PO91OH, PO91OI, PO91PI;уюаюпнбяйхи йпюи;деиярбсчыхи;цю;RA0C
вецднлшм;UHHM;PO61LD;уюаюпнбяйхи йпюи;деиярбсчыхи;цю;RA0C
вслхйюм;UHHY;PO74PQ;уюаюпнбяйхи йпюи;деиярбсчыхи;цю;RA0C
юаюйюм;UNAA;NO53QS, NO53QR;уюйюяхъ;деиярбсчыхи;цю;RA0W
аекнъпяйхи;USHQ;MP33IQ;улюн;деиярбсчыхи;цю;RA9J
аепегнбн;USHB;MP23MV, MP23MW;улюн;деиярбсчыхи;цю;RA9J
цнпмнопюбдхмяй;USHP;MP40WB;улюн;деиярбсчыхи;цю;RA9J
хцпхл;USHI;MP23FE, MP23FF;улюн;деиярбсчыхи;цю;RA9J
йнцюкшл;USRK;MP72GE, MP72GF;улюн;деиярбсчыхи;цю;RA9J
йнлянлнкэяйхи;XSSJ;MP11NG;улюн;медеиярбсчыхи;лн;RA9J
йнмдхмяйне;USHK;MO39RP;улюн;деиярбсчыхи;цю;RA9J
кюпэъй;USNL;NP01CC, NP01DC;улюн;деиярбсчыхи;цю;RA9J
ксцнбюъ;USHL;MO29WR;улюн;деиярбсчыхи;цю;RA9J
лецхнм (яебепмши);USNM;MP81BB;улюн;деиярбсчыхи;цю;RA9J
лефдспевемяйхи;USHM;MO29WN;улюн;деиярбсчыхи;цю;RA9J
метречцюмяй;USRN;MP61HC;улюн;деиярбсчыхи;цю;RA9J
мхфмебюпрнбяй;USNN;MP80FW, MP80FX, MP80GW, MP80GX;улюн;деиярбсчыхи;цю;RA9J
мнбнюцюмяй;USNA;MP81HV, MP81HW;улюн;медеиярбсчыхи;цю;RA9J
мъцюмэ;USHN;MP22TC;улюн;деиярбсчыхи;цю;RA9J
мъйяхлбнкэ;USHW;MP02KK;улюн;деиярбсчыхи;цю;RA9J
нйръапэяйне;USHO;MP32AK;улюн;деиярбсчыхи;цю;RA9J
пюдсфмши;USNR;MP82PD, MP82QD, MP82PE, MP82RE;улюн;медеиярбсчыхи;цю;RA9J
яюпюмоюскэ;USHA;MP04KF, MP04KG, MP04LG;улюн;деиярбсчыхи;цю;RA9J
янберяйхи;USHS;MP11TI, MP11TH, MP11SI;улюн;деиярбсчыхи;цю;RA9J
яспцср;USRR;MP61QI, MP61RI;улюн;деиярбсчыхи;цю;RA9J
спюи;USHU;MP20JC, MP20KC;улюн;деиярбсчыхи;цю;RA9J
уюмрш-люмяхияй;USHH;MP41MA, MP41NA;улюн;деиярбсчыхи;цю;RA9J
ускхлясмр;USHG;MP02TV;улюн;деиярбсчыхи;цю;RA9J
йюпрюкш (KC-17);USCR;MO03IA, MO03JA;векъахмяйюъ нак;деиярбсчыхи;цю;RA9A
йхгхкэяйне;USCI;LO92KR;векъахмяйюъ нак;медеиярбсчыхи;цю;RA9A
йнвепдшй;USCK;MO14LO;векъахмяйюъ нак;медеиярбсчыхи;цю;RA9A
люцмхрнцнпяй-пнярн (юцюонбйю);XSCN;LO93NJ;векъахмяйюъ нак;медеиярбсчыхи;дняюют;RA9A
рпнхжй;XSCT;MO04SC;векъахмяйюъ нак;деиярбсчыхи;лн;RA9A
сопсм;XSCU;MO04QI, MO04QJ;векъахмяйюъ нак;деиярбсчыхи;лн;RA9A
сярхмнбн;USCD;LO94XU, MO04AU;векъахмяйюъ нак;деиярбсчыхи;юнм;RA9A
векъахмяй (аюкюмдхмн);USCC;MO05SH, MO05RH;векъахмяйюъ нак;деиярбсчыхи;цю;RA9A
векъахмяй (йюкювебн);XSCW;MO04RW, MO04SW;векъахмяйюъ нак;деиярбсчыхи;юнм;RA9A
векъахмяй (ьюцнк);USCG;MO05PG, MO05PF;векъахмяйюъ нак;деиярбсчыхи;лн;RA9A
цпнгмши (яебепмши);URMG;LN23UJ;вевемяйюъ пеяо;деиярбсчыхи;цю;RA6P
цпнгмши (уюмйюкю);XRMU;LN23VH, LN23VG;вевемяйюъ пеяо;деиярбсчыхи;лн;RA6P
йюкхмнбяйюъ;XRMK;LN23SO;вевемяйюъ пеяо;медеиярбсчыхи;лн;RA6P
веанйяюпш (яхмэъкш);UWKS;LO36PB, LO36PC, LO36QC;всбюьхъ;деиярбсчыхи;цю;RA4Y
юинм;UHEJ;RP49AW;всйнряйхи юн;медеиярбсчыхи;цю;RA0K
юлцсщлю;UHAM;AP07NB;всйнряйхи юн;медеиярбсчыхи;цю;RA0K
юмюдшпэ (сцнкэмши);UHMA;RP84US, RP84VS, RP84UR, RP84VR;всйнряйхи юн;деиярбсчыхи;цю;RA0K
юмюдшпэ (нйпсфмни);UHAO;RP84RR;всйнряйхи юн;деиярбсчыхи;цю;RA0K
аюпюмхую;UHMB;RP48DL, RP48DM;всйнряйхи юн;медеиярбсчыхи;цю;RA0K
аепхмцнбяйхи;UHMR;RP93PA;всйнряйхи юн;деиярбсчыхи;цю;RA0K
асурю опнбхдемхъ;UHMD;AP34JJ, AP34JI, AP34II;всйнряйхи юн;деиярбсчыхи;цю;RA0K
бюецх;UHAW;RP54MD, RP54ME;всйнряйхи юн;медеиярбсчыхи;цю;RA0K
бюмйюпел;UHDW;AP27BU;всйнряйхи юн;деиярбсчыхи;цю;RA0K
цнпйю;UHAG;RP84TT;всйнряйхи юн;медеиярбсчыхи;цю;RA0K
гюкхб йпеярю;UHME;AP06KI;всйнряйхи юн;деиярбсчыхи;цю;RA0K
гюкхб кюбпемрхъ;UHML;AP45MN, AP45LN, AP45LO, AP45MO;всйнряйхи юн;деиярбсчыхи;цю;RA0K
хкхпмеи;UHEI;RP37XG;всйнряйхи юн;медеиярбсчыхи;цю;RA0K
хмвнсм;UHAJ;AP46UH;всйнряйхи юн;медеиярбсчыхи;цю;RA0K
хскэрхм;UHMU;RP97IV;всйнряйхи юн;медеиярбсчыхи;цю;RA0K
йюмвюкюм;UHAK;RP85JE;всйнряйхи юн;медеиярбсчыхи;цю;RA0K
йеоепбеел;UHMK;RP37BU, RP37CU;всйнряйхи юн;деиярбсчыхи;цю;RA0K
йнмепцхмн;UHDK;AP05NV;всйнряйхи юн;медеиярбсчыхи;цю;RA0K
йпюямемн;UHAR;RP74JP;всйнряйхи юн;деиярбсчыхи;цю;RA0K
йсонк;UHED;RP46SV;всйнряйхи юн;деиярбсчыхи;юнм;RA0K
кюлсряйне;UHAL;RP45KM;всйнряйхи юн;медеиярбсчыхи;цю;RA0K
люимн-ошкэцхмн;UHAY;RP82MM, RP82MN;всйнряйхи юн;деиярбсчыхи;цю;RA0K
люпйнбн;UHMO;RP54EP, RP54FP, RP54EQ, RP54FQ;всйнряйхи юн;деиярбсчыхи;цю;RA0K
лшя ьлхдрю;UHMI;AP08HV, AP08HU;всйнряйхи юн;деиярбсчыхи;цю;RA0K
меьйюм;UHAN;AP37MA;всйнряйхи юн;медеиярбсчыхи;цю;RA0K
мсмкхцпюм;UHAU;AP24HT;всйнряйхи юн;медеиярбсчыхи;цю;RA0K
мсрщощкэлем;UHAX;AP27MK;всйнряйхи юн;медеиярбсчыхи;цю;RA0K
нлнкнм;UHMN;RP05GF;всйнряйхи юн;деиярбсчыхи;цю;RA0K
нярпнб бпюмцекъ;UHMZ;RQ90VX;всйнряйхи юн;медеиярбсчыхи;цю;RA0K
нярпнбмне;UHEO;RP28BC, RP28CC;всйнряйхи юн;медеиярбсчыхи;цю;RA0K
оебей;UHMP;RP59HT, RP59HS;всйнряйхи юн;деиярбсчыхи;цю;RA0K
яхпемхйх;UHAS;AP34AJ;всйнряйхи юн;медеиярбсчыхи;цю;RA0K
ямефмне;UHAE;RP65LK;всйнряйхи юн;медеиярбсчыхи;цю;RA0K
сщкем;UHLN;AP56BD, AP56CD;всйнряйхи юн;медеиярбсчыхи;цю;RA0K
сщкэйюкэ;UHDX;AP05IM;всйнряйхи юн;деиярбсчыхи;цю;RA0K
всбюмяйне;UHAC;RP35XE;всйнряйхи юн;деиярбсчыхи;цю;RA0K
щмлекем;UHAB;AP25BA;всйнряйхи юн;деиярбсчыхи;цю;RA0K
щмсплхмн;UHEN;AP46BW;всйнряйхи юн;медеиярбсчыхи;цю;RA0K
ъмдпюйшммнр;UHAQ;AP34RV, AP34SV;всйнряйхи юн;деиярбсчыхи;цю;RA0K
юмрхоючрю;USDI;MP89KC;ъмюн;медеиярбсчыхи;цю;RA9K
анбюмемйнбн;USDB;MQ40DH, MQ40EH;ъмюн;деиярбсчыхи;цю;RA9K
цшдю;USDG;MQ90FV, MQ90GV;ъмюн;медеиярбсчыхи;цю;RA9K
йпюямняекэйсо;USDP;NP15FQ, NP15FR;ъмюн;деиярбсчыхи;цю;RA9K
йя кнмц-чцюмяйюъ;USML;MP54LS;ъмюн;деиярбсчыхи;цю;RA9K
кюашрмюмцх;USDL;MP36FQ;ъмюн;деиярбсчыхи;цю;RA9K
ледбефэе;USMD;MP75FU, MP75GU;ъмюн;медеиярбсчыхи;цю;RA9K
лшя йюлеммши;USDK;MP68TK, MP68TL, MP68SL, MP68SM;ъмюн;деиярбсчыхи;цю;RA9K
мюдшл;USMM;MP65IL, MP65HL;ъмюн;деиярбсчыхи;цю;RA9K
мюоюкйнбн;USDN;MQ60UD;ъмюн;деиярбсчыхи;цю;RA9K
мнбши онпр;USDW;MP67KQ;ъмюн;деиярбсчыхи;цю;RA9K
мнбши спемцни;USMU;MP86FB, MP86GB;ъмюн;деиярбсчыхи;цю;RA9K
мнъапэяй;USRO;MP73PE;ъмюн;деиярбсчыхи;цю;RA9K
мшдю;USMA;MP66KO, MP66KP;ъмюн;деиярбсчыхи;цю;RA9K
яюаеррю;USDA;MQ61AF;ъмюн;деиярбсчыхи;цю;RA9K
яюкеуюпд;USDD;MP36GN, MP36GO, MP36HO, MP36HN;ъмюн;деиярбсчыхи;цю;RA9K
яеъую-1;USDE;KN65OT;ъмюн;деиярбсчыхи;цю;RA9K
рюгнбяйхи;USDT;MP97HL, MP97IL;ъмюн;медеиярбсчыхи;цю;RA9K
рюпйн-яюке;USDS;MP84VW;ъмюн;деиярбсчыхи;цю;RA9K
рнкэйю;USDO;NP13AX;ъмюн;деиярбсчыхи;цю;RA9K
спемцни;USDU;MP95FW, MP95FX;ъмюн;деиярбсчыхи;цю;RA9K
уюпюяюбщи;USDH;MQ31KF, MQ31LF, MQ31KG, MQ31LG;ъмюн;медеиярбсчыхи;цю;RA9K
ъласпц;USMQ;MP77NX, MP77MX, MP78MA, MP78NA;ъмюн;деиярбсчыхи;цю;RA9K
ъорхй-яюке;USDV;MP69GJ;ъмюн;медеиярбсчыхи;цю;RA9K
ъп-яюке;USDR;MP56JU, MP56JV;ъмюн;деиярбсчыхи;цю;RA9K
апеирнбн;UUMJ;KO88WH;ъпнякюбяйюъ нак;медеиярбсчыхи;цю;RA2,3,5M
цюбпхкнб ъл (юцюр);UUQA;KO97VH;ъпнякюбяйюъ нак;деиярбсчыхи;юнм;RA2,3,5M
йюпювхую;XUDA;KO97VP;ъпнякюбяйюъ нак;медеиярбсчыхи;дняюют;RA2,3,5M
лшьйхм;UUMN;KO97FT;ъпнякюбяйюъ нак;медеиярбсчыхи;цю;RA2,3,5M
оепеякюбкэ-гюкеяяйхи;UUAE;KO96KQ;ъпнякюбяйюъ нак;деиярбсчыхи;цю;RA2,3,5M
ононб ксц;UUQP;KO96IR;ъпнякюбяйюъ нак;деиярбсчыхи;юнм;RA2,3,5M
пшахмяй (ярюпняекэе);UUBK;KO98KC, KO98LC;ъпнякюбяйюъ нак;деиярбсчыхи;дняюют;RA2,3,5M
пшахмяй (чфмши);XUDR;KO97KX, KO98KA;ъпнякюбяйюъ нак;деиярбсчыхи;дняюют;RA2,3,5M
пшахмяй-юйянм;UUQR;KO98JB;ъпнякюбяйюъ нак;деиярбсчыхи;юнм;RA2,3,5M
ъпнякюбкэ (кебжнбн);UUBX;LO07AR;ъпнякюбяйюъ нак;деиярбсчыхи;цю;RA2,3,5M
ъпнякюбкэ (рсмньмю);UUDL;LO07BN, LO07CN;ъпнякюбяйюъ нак;деиярбсчыхи;цю;RA2,3,5M
ющпндпнл;ICAO;кнйюрнпш ДКЪ ЮЙРХБЮЖХХ;;;;
